Long Name,IB Symbol,Exchange Symbol,Currency,Contract ID,Exchange,Type
20 MICRONS LIMITED,20MICRONS,20MICRONS,INR,121502066,NSE,STK
3I INFOTECH LIMITED,3IINFOTEC,3IINFOTECH,INR,56572886,NSE,STK
3M INDIA LTD,3MINDIA,3MINDIA,INR,56987997,NSE,STK
8K MILES SOFTWARE SERVICES L,8KMILES,8KMILES,INR,143283318,NSE,STK
A2Z INFRA ENGINEERING LTD,A2ZINFRA,A2ZINFRA,INR,82363906,NSE,STK
AARTI DRUGS LIMITED,AARTIDRUG,AARTIDRUGS,INR,56988360,NSE,STK
AARTI INDUSTRIES LIMITED,AARTIIND,AARTIIND,INR,56988365,NSE,STK
AARVEE DENIMS & EXPORTS LTD,AARVEEDEN,AARVEEDEN,INR,56988371,NSE,STK
ABAN OFFSHORE LIMITED,ABAN,ABAN,INR,56572872,NSE,STK
ABB INDIA LTD,ABB,ABB,INR,51642767,NSE,STK
ABBOTT INDIA LTD,ABBOTINDI,ABBOTINDIA,INR,64682792,NSE,STK
ABG SHIPYARD LTD,ABGSHIP,ABGSHIP,INR,56572889,NSE,STK
ABHISHEK CORPORATION LTD,ABHISHEK,ABHISHEK,INR,56573159,NSE,STK
ACC LIMITED,ACC,ACC,INR,44652144,NSE,STK
ACCEL FRONTLINE LTD,AFL,AFL,INR,56986795,NSE,STK
ACCELYA KALE SOLUTIONS LTD,ACCELYA,ACCELYA,INR,56984942,NSE,STK
ACROPETAL TECHNOLOGIES LTD,ACROPETAL,ACROPETAL,INR,85033332,NSE,STK
ACTION CONSTRUCTION EQUIPMEN,ACE,ACE,INR,56986788,NSE,STK
ADANI ENTERPRISES LTD,ADANIENT,ADANIENT,INR,56986798,NSE,STK
ADANI PORTS AND SPECIAL ECON,ADANIPORT,ADANIPORTS,INR,79403918,NSE,STK
ADANI POWER LIMITED,ADANIPOWE,ADANIPOWER,INR,70299711,NSE,STK
ADANI TRANSMISSIONS LTD,ADANITRAN,ADANITRANS,INR,197166226,NSE,STK
ADF FOODS LTD,ADFFOODS,ADFFOODS,INR,64682013,NSE,STK
ADHUNIK METALIKS LTD,ADHUNIK,ADHUNIK,INR,56988140,NSE,STK
ADI FINECHEM LTD,ADI,ADI,INR,64684459,NSE,STK
ADITYA BIRLA CHEMICALS INDIA,ABCIL,ABCIL,INR,56987951,NSE,STK
ADITYA BIRLA MONEY LTD,BIRLAMONE,BIRLAMONEY,INR,56988380,NSE,STK
ADITYA BIRLA NUVO LIMITED,ABIRLANUV,ABIRLANUVO,INR,56572892,NSE,STK
ADLABS ENTERTAINMENT LTD,ADLABS,ADLABS,INR,189328579,NSE,STK
ADOR WELDING LTD,ADORWELD,ADORWELD,INR,56988467,NSE,STK
ADVANCE METERING TECHNOLOGY,AMTL,AMTL,INR,111739948,NSE,STK
ADVANI HOTELS & RES (INDIA),ADVANIHOT,ADVANIHOTR,INR,56984854,NSE,STK
ADVANTA LTD,ADVANTA,ADVANTA,INR,130658044,NSE,STK
AEGIS LOGISTICS LIMITED,AEGISCHEM,AEGISCHEM,INR,56988174,NSE,STK
AGARWAL INDUSTRIAL CORPORATI,AGARIND,AGARIND,INR,64681930,NSE,STK
AGC NETWORKS LIMITED,AGCNET,AGCNET,INR,56988161,NSE,STK
AGRI-TECH INDIA LIMITED,AGRITECH,AGRITECH,INR,143212271,NSE,STK
AGRO DUTCH INDUSTRIES LTD,AGRODUTCH,AGRODUTCH,INR,56986800,NSE,STK
AGRO TECH FOODS LTD,ATFL,ATFL,INR,56988431,NSE,STK
AHLUWALIA CONTRACTS LTD,AHLUCONT,AHLUCONT,INR,64682546,NSE,STK
AI CHAMPDANY INDUSTRIES LTD,AICHAMP,AICHAMP,INR,56988204,NSE,STK
AIA ENGINEERING LTD,AIAENG,AIAENG,INR,56572901,NSE,STK
AJANTA PHARMA LTD,AJP,AJANTPHARM,INR,187395649,NSE,STK
AJMERA REALTY & INFRA INDIA,AJMERA,AJMERA,INR,60866401,NSE,STK
AKSH OPTIFIBRE LIMITED,AKSHOPTFB,AKSHOPTFBR,INR,56988216,NSE,STK
AKZO NOBEL INDIA LTD,AKZOINDIA,AKZOINDIA,INR,56985584,NSE,STK
ALANKIT LTD,ALANKIT,ALANKIT,INR,198736526,NSE,STK
ALCHEMIST LTD,ALCHEM,ALCHEM,INR,56573616,NSE,STK
ALEMBIC LIMITED,ALEMBICLT,ALEMBICLTD,INR,56988224,NSE,STK
ALEMBIC PHARMACEUTICALS LTD,APLLTD,APLLTD,INR,94887493,NSE,STK
ALICON CASTALLOY LIMITED,ALICON,ALICON,INR,56984336,NSE,STK
ALKALI METALS LIMITED,ALKALI,ALKALI,INR,56988241,NSE,STK
ALKYL AMINES CHEMICALS LTD,ALKYLAMIN,ALKYLAMINE,INR,166167100,NSE,STK
ALLAHABAD BANK,ALBK,ALBK,INR,56988229,NSE,STK
ALLCARGO LOGISTICS LTD,ALLCARGO,ALLCARGO,INR,70326357,NSE,STK
ALLIED DIGITAL SERVICES LTD,ADSL,ADSL,INR,70209196,NSE,STK
ALLSEC TECHNOLOGIES LIMITED,ALLSEC,ALLSEC,INR,56988244,NSE,STK
ALMONDZ GLOBAL SECURITIES LT,ALMONDZ,ALMONDZ,INR,56988181,NSE,STK
ALOK INDUSTRIES LTD,ALOKTEXT,ALOKTEXT,INR,56988251,NSE,STK
ALPA LABORATORIES LIMITED,ALPA,ALPA,INR,56988254,NSE,STK
ALPHAGEO (INDIA) LIMITED,ALPHAGEO,ALPHAGEO,INR,56988306,NSE,STK
ALPS INDUSTRIES LIMITED,ALPSINDUS,ALPSINDUS,INR,56988258,NSE,STK
ALSTOM INDIA LTD,AIL,AIL,INR,56572883,NSE,STK
ALSTOM T&D INDIA LIMITED,ALSTOMTD,ALSTOMT&D,INR,56988426,NSE,STK
AMARA RAJA BATTERIES LTD,AMARAJABA,AMARAJABAT,INR,113744943,NSE,STK
AMBIKA COTTON MILLS LTD,AMBIKCO,AMBIKCO,INR,56988137,NSE,STK
AMBUJA CEMENTS LIMITED,AMBUJACEM,AMBUJACEM,INR,44652129,NSE,STK
AMD INDUSTRIES LIMITED,AMDIND,AMDIND,INR,56988275,NSE,STK
AMIT SPINNING INDS LTD,ASIL,ASIL,INR,78040814,NSE,STK
AMRUTANJAN HEALTH CARE LTD,AMRUTANJA,AMRUTANJAN,INR,116335266,NSE,STK
AMTEK AUTO LIMITED,AMTEKAUTO,AMTEKAUTO,INR,56988284,NSE,STK
ANANT RAJ LTD,ANANTRAJ,ANANTRAJ,INR,56988346,NSE,STK
ANDHRA BANK,ANDHRABAN,ANDHRABANK,INR,56988291,NSE,STK
ANDHRA CEMENTS LTD,ANDHRACEM,ANDHRACEMT,INR,64682030,NSE,STK
ANDHRA SUGARS LTD,ANDHRSUGA,ANDHRSUGAR,INR,56988389,NSE,STK
ANG INDUSTRIES LIMITED,ANGIND,ANGIND,INR,56988294,NSE,STK
ANIK INDUSTRIES LIMITED,ANIKINDS,ANIKINDS,INR,56988297,NSE,STK
ANKIT METAL & POWER LIMITED,ANKITMETA,ANKITMETAL,INR,64682560,NSE,STK
ANSAL HOUSING & CONSTRUCT,ANSALHSG,ANSALHSG,INR,56988195,NSE,STK
ANSAL PROPERTIES & INFRASTRU,ANSALAPI,ANSALAPI,INR,56988312,NSE,STK
ANTARCTICA LTD,ANTGRAPHI,ANTGRAPHIC,INR,56988443,NSE,STK
APAR INDUSTRIES LIMITED,APARINDS,APARINDS,INR,56988331,NSE,STK
APCOTEX INDUSTRIES LTD,APCOTEXIN,APCOTEXIND,INR,132773222,NSE,STK
APL APOLLO TUBES LTD,APLAPOLLO,APLAPOLLO,INR,64683033,NSE,STK
APOLLO HOSPITALS ENTERPRISE,APOLLOHOS,APOLLOHOSP,INR,78607402,NSE,STK
APOLLO TYRES LIMITED,APOLLOTYR,APOLLOTYRE,INR,56988336,NSE,STK
APTECH LTD,APTECHT,APTECHT,INR,56988334,NSE,STK
ARCHIDPLY INDUSTRIES LIMITED,ARCHIDPLY,ARCHIDPLY,INR,56988317,NSE,STK
ARCHIES LTD,ARCHIES,ARCHIES,INR,80575144,NSE,STK
ARCOTECH LTD,ARCOTECH,ARCOTECH,INR,148713054,NSE,STK
ARIES AGRO LIMITED,ARIES,ARIES,INR,56988354,NSE,STK
ARIHANT FOUNDATIONS & HOUSIN,ARIHANT,ARIHANT,INR,56988152,NSE,STK
ARO GRANITE INDUSTRIES LTD,AROGRANIT,AROGRANITE,INR,56988171,NSE,STK
ARROW COATED PRODUCTS LTD,ARROWCOAT,ARROWCOAT,INR,64682248,NSE,STK
ARROW TEXTILES LTD,ARROWTEX,ARROWTEX,INR,75733226,NSE,STK
ARSHIYA LTD,ARSHIYA,ARSHIYA,INR,64682230,NSE,STK
ARSS INFRASTRUCTURE PROJECTS,ARSSINFRA,ARSSINFRA,INR,73164375,NSE,STK
ARVIND LTD,ARVIND,ARVIND,INR,56988374,NSE,STK
ARVIND REMEDIES LTD,ARVINDREM,ARVINDREM,INR,108538689,NSE,STK
ASAHI INDIA GLASS LTD,ASAHIINDI,ASAHIINDIA,INR,75733129,NSE,STK
ASAHI SONGWON COLORS LIMITED,ASAHISONG,ASAHISONG,INR,64682565,NSE,STK
ASHAPURA MINECHEM LIMITED,ASHAPURMI,ASHAPURMIN,INR,56988404,NSE,STK
ASHIANA HOUSING LTD,ASHIANA,ASHIANA,INR,137124695,NSE,STK
ASHIMA LIMITED,ASHIMASYN,ASHIMASYN,INR,56988394,NSE,STK
ASHOK LEYLAND LIMITED,ASHOKLEY,ASHOKLEY,INR,56988221,NSE,STK
ASHOKA BUILDCON LTD,ASHOKA,ASHOKA,INR,130658038,NSE,STK
ASIAN GRANITO INDIA LIMITED,ASIANTILE,ASIANTILES,INR,56988401,NSE,STK
ASIAN HOTELS EAST LTD,AHLEAST,AHLEAST,INR,77850965,NSE,STK
ASIAN HOTELS NORTH LTD,ASIANHOTN,ASIANHOTNR,INR,74027897,NSE,STK
ASIAN HOTELS WEST LTD,AHLWEST,AHLWEST,INR,77762198,NSE,STK
ASIAN PAINTS LTD,ASIANPAIN,ASIANPAINT,INR,132214022,NSE,STK
ASSAM CO INDIA LTD,ASSAMCO,ASSAMCO,INR,56988377,NSE,STK
ASTEC LIFESCIENCES LTD,ASTEC,ASTEC,INR,70979424,NSE,STK
ASTRA MICROWAVE PRODUCTS LTD,ASTRAMICR,ASTRAMICRO,INR,56988411,NSE,STK
ASTRAL POLY TECHNIK LTD,ASTRAL,ASTRAL,INR,166947150,NSE,STK
ASTRAZENECA PHARMA INDIA LTD,ASTRAZEN,ASTRAZEN,INR,56988414,NSE,STK
ATLANTA LTD,ATLANTA,ATLANTA,INR,80647272,NSE,STK
ATLAS CYCLES HARYANA LTD,ATLASCYCL,ATLASCYCLE,INR,56988421,NSE,STK
ATN INTERNATIONAL LIMITED,ATNINTER,ATNINTER,INR,56988186,NSE,STK
ATUL AUTO LTD,ATULAUTO,ATULAUTO,INR,166349311,NSE,STK
ATUL LIMITED,ATUL,ATUL,INR,56988433,NSE,STK
AURIONPRO SOLUTIONS LTD,AURIONPRO,AURIONPRO,INR,75733323,NSE,STK
AUROBINDO PHARMA LTD,AUROPHARM,AUROPHARMA,INR,83937139,NSE,STK
AUSOM ENTERPRISE LTD,AUSOMENT,AUSOMENT,INR,56985299,NSE,STK
AUTOLINE INDUSTRIES LTD,AUTOIND,AUTOIND,INR,56988456,NSE,STK
AUTOLITE (INDIA) LIMITED,AUTOLITIN,AUTOLITIND,INR,56988436,NSE,STK
AUTOMOTIVE AXLES LIMITED,AUTOAXLES,AUTOAXLES,INR,56988450,NSE,STK
AUTOMOTIVE STAMPINGS & ASSEM,ASAL,ASAL,INR,56988446,NSE,STK
AVANTI FEEDS LTD,AVANTIFEE,AVANTIFEED,INR,62062916,NSE,STK
AVT NATURAL PRODUCTS LTD,AVTNPL,AVTNPL,INR,108449226,NSE,STK
AXIS BANK LTD,AXISBANK,AXISBANK,INR,162089869,NSE,STK
AXIS GOLD ETF,AXISGOLD,AXISGOLD,INR,80961427,NSE,STK
AXISCADES ENGINEERING TECHNO,AXISCADES,AXISCADES,INR,56988470,NSE,STK
B. L. KASHYAP AND SONS LTD,BLKASHYAP,BLKASHYAP,INR,79508953,NSE,STK
B.A.G. FILMS & MEDIA LTD,BAGFILMS,BAGFILMS,INR,56987840,NSE,STK
BAFNA PHARMACEUTICALS LTD,BAFNAPHAR,BAFNAPHARM,INR,64683040,NSE,STK
BAJAJ AUTO LIMITED,BAJAJ-AUT,BAJAJ-AUTO,INR,56987980,NSE,STK
BAJAJ CORP LTD,BAJAJCORP,BAJAJCORP,INR,87760451,NSE,STK
BAJAJ ELECTRICALS LIMITED,BAJAJELEC,BAJAJELEC,INR,72175378,NSE,STK
BAJAJ FINANCE LTD,BAJFINANC,BAJFINANCE,INR,56987837,NSE,STK
BAJAJ FINSERV LTD,BAJAJFINS,BAJAJFINSV,INR,56987991,NSE,STK
BAJAJ HINDUSTHAN SUGAR LTD,BAJAJHIND,BAJAJHIND,INR,56987992,NSE,STK
BAJAJ HOLDINGS AND INVESTMEN,BAJAJHLDN,BAJAJHLDNG,INR,44652102,NSE,STK
BAL PHARMA LIMITED,BALPHARMA,BALPHARMA,INR,56988026,NSE,STK
BALAJI AMINES LIMITED,BALAMINES,BALAMINES,INR,80959440,NSE,STK
BALAJI TELEFILMS LTD,BALAJITEL,BALAJITELE,INR,56988021,NSE,STK
BALKRISHNA INDUSTRIES LTD,BALKRISIN,BALKRISIND,INR,81899870,NSE,STK
BALLARPUR INDUSTRIES LTD,BALLARPUR,BALLARPUR,INR,56987966,NSE,STK
BALMER LAWRIE & CO LTD,BALMLAWRI,BALMLAWRIE,INR,56988016,NSE,STK
BALRAMPUR CHINI MILLS LTD,BALRAMCHI,BALRAMCHIN,INR,56988077,NSE,STK
BANARAS BEADS LTD,BANARBEAD,BANARBEADS,INR,128471880,NSE,STK
BANCO PRODUCTS (INDIA) LTD,BANCOINDI,BANCOINDIA,INR,56988042,NSE,STK
BANG OVERSEAS LIMITED,BANG,BANG,INR,56987850,NSE,STK
BANK OF BARODA,BANKBAROD,BANKBARODA,INR,180222138,NSE,STK
BANK OF INDIA,BANKINDIA,BANKINDIA,INR,56988052,NSE,STK
BANK OF MAHARASHTRA,MAHABANK,MAHABANK,INR,56988059,NSE,STK
BANNARI AMMAN SPINNING MILLS,BASML,BASML,INR,56987857,NSE,STK
BANNARI AMMAN SUGARS LTD,BANARISUG,BANARISUG,INR,56988047,NSE,STK
BANSWARA SYNTEX LIMITED,BANSWRAS,BANSWRAS,INR,56988122,NSE,STK
BARAK VALLEY CEMENTS LIMITED,BVCL,BVCL,INR,56988112,NSE,STK
BARTRONICS INDIA LTD,BARTRONIC,BARTRONICS,INR,56987845,NSE,STK
BASF INDIA LIMITED,BASF,BASF,INR,56987855,NSE,STK
BATA INDIA LIMITED,BATAINDIA,BATAINDIA,INR,56987860,NSE,STK
BAYER CROPSCIENCE LTD,BAYERCROP,BAYERCROP,INR,64682707,NSE,STK
BEARDSELL LTD,BEARDSELL,BEARDSELL,INR,76142607,NSE,STK
BEDMUTHA INDUSTRIES LTD,BEDMUTHA,BEDMUTHA,INR,79917388,NSE,STK
BEML LIMITED,BEML,BEML,INR,56987900,NSE,STK
BERGER PAINTS INDIA LTD,BRGR,BERGEPAINT,INR,179252695,NSE,STK
BF INVESTMENT LTD,BFINVEST,BFINVEST,INR,82847286,NSE,STK
BF UTILITIES LTD,BFUTILITI,BFUTILITIE,INR,56987912,NSE,STK
BGR ENERGY SYSTEMS LIMITED,BGRENERGY,BGRENERGY,INR,56987923,NSE,STK
BHAGYANAGAR INDIA LTD,BHAGYNAGA,BHAGYNAGAR,INR,56987932,NSE,STK
BHANSALI ENGINEERNG POLYMER,BEPL,BEPL,INR,56987911,NSE,STK
BHARAT BIJLEE LIMITED,BBL,BBL,INR,56987953,NSE,STK
BHARAT ELECTRONICS LIMITED,BEL,BEL,INR,56987926,NSE,STK
BHARAT FORGE LIMITED,BHARATFOR,BHARATFORG,INR,56987929,NSE,STK
BHARAT GEARS LIMITED,BHARATGEA,BHARATGEAR,INR,56987917,NSE,STK
BHARAT HEAVY ELECTRICALS,BHEL,BHEL,INR,95441327,NSE,STK
BHARAT PETROLEUM CORP LTD,BPCL,BPCL,INR,44652160,NSE,STK
BHARAT RASAYAN LIMITED,BHARATRAS,BHARATRAS,INR,56988100,NSE,STK
BHARATIYA GLOBAL INFOMEDIA L,BGLOBAL,BGLOBAL,INR,91861621,NSE,STK
BHARTI AIRTEL LIMITED,BHARTIART,BHARTIARTL,INR,64769335,NSE,STK
BHARTI INFRATEL LTD,INFRATEL,INFRATEL,INR,119707173,NSE,STK
BHARTIYA INTERNATIONAL LTD,BIL,BIL,INR,56987941,NSE,STK
BHUSHAN STEEL LTD,BHUSANSTL,BHUSANSTL,INR,79346231,NSE,STK
BIL ENERGY SYSTEMS LTD,BILENERGY,BILENERGY,INR,124912356,NSE,STK
BILPOWER LTD,BILPOWER,BILPOWER,INR,56987963,NSE,STK
BINANI INDUSTRIES LTD,BINANIIND,BINANIIND,INR,56988131,NSE,STK
BIOCON LTD,BIOCON,BIOCON,INR,56987974,NSE,STK
BIRLA CORP LIMITED,BIRLACORP,BIRLACORPN,INR,56987880,NSE,STK
BIRLA COTSYN (INDIA) LIMITED,BIRLACOT,BIRLACOT,INR,69860017,NSE,STK
BIRLA ERICSSON OPTICALS LTD,BIRLAERIC,BIRLAERIC,INR,56987906,NSE,STK
BIRLA SUN LIFE GOLD ETF,BSLGOLDET,BSLGOLDETF,INR,89034185,NSE,STK
BIRLA SUN LIFE NIFTY ETF,BSLNIFTY,BSLNIFTY,INR,91861626,NSE,STK
BLB LTD,BLBLIMITE,BLBLIMITED,INR,56988011,NSE,STK
BLISS GVS PHARMA LIMITED,BLISSGVS,BLISSGVS,INR,64682779,NSE,STK
BLUE CHIP INDIA LTD,BLUECHIP,BLUECHIP,INR,56988014,NSE,STK
BLUE COAST HOTELS LTD,BLUECOAST,BLUECOAST,INR,56987367,NSE,STK
BLUE DART EXPRESS LIMITED,BLUEDART,BLUEDART,INR,56987894,NSE,STK
BLUE STAR INFOTECH LIMITED,BLUESTINF,BLUESTINFO,INR,56988032,NSE,STK
BLUE STAR LIMITED,BLUESTARC,BLUESTARCO,INR,56988037,NSE,STK
BODAL CHEMICALS LTD,BODALCHEM,BODALCHEM,INR,76123545,NSE,STK
BOMBAY BURMAH TRADING CORP,BBTC,BBTC,INR,116743273,NSE,STK
BOMBAY DYEING & MFG CO LTD,BOMDYEING,BOMDYEING,INR,116505002,NSE,STK
BOMBAY RAYON FASHIONS LTD,BRFL,BRFL,INR,56988083,NSE,STK
BOSCH LIMITED,BOSCHLTD,BOSCHLTD,INR,56988066,NSE,STK
BPL LTD,BPL,BPL,INR,75733123,NSE,STK
BRIGADE ENTERPRISES LIMITED,BRIGADE,BRIGADE,INR,56988086,NSE,STK
BRITANNIA INDUSTRIES LTD,BRITANNIA,BRITANNIA,INR,78724752,NSE,STK
BROADCAST INITIATIVES LTD,BROADCAST,BROADCAST,INR,56987879,NSE,STK
BROOKS LABORATORIES LTD,BROOKS,BROOKS,INR,93875741,NSE,STK
BS LTD,BSLIMITED,BSLIMITED,INR,142248412,NSE,STK
BSEL INFRASTRUCTURE REALTY,BSELINFRA,BSELINFRA,INR,56988107,NSE,STK
BSL LIMITED,BSL,BSL,INR,56988127,NSE,STK
BURNPUR CEMENT LIMITED,BURNPUR,BURNPUR,INR,56988071,NSE,STK
BUTTERFLY GANDHIMATHI APPLIA,BUTTERFLY,BUTTERFLY,INR,64684086,NSE,STK
C & C CONSTRUCTIONS LIMITED,CANDC,CANDC,INR,56985322,NSE,STK
C MAHENDRA EXPORTS LTD,CMAHENDRA,CMAHENDRA,INR,82962419,NSE,STK
CADILA HEALTHCARE LTD,CADILAHC,CADILAHC,INR,56985339,NSE,STK
CAIRN INDIA LTD.,CAIRN,CAIRN,INR,50486111,NSE,STK
CALIFORNIA SOFTWARE CO LTD,CALSOFT,CALSOFT,INR,56985384,NSE,STK
CAMBRIDGE TECHNOLOGY ENTERPR,CTE,CTE,INR,56985504,NSE,STK
CAMLIN FINE SCIENCES LTD,CAMLINFIN,CAMLINFINE,INR,165865821,NSE,STK
CAN FIN HOMES LIMITED,CANFINHOM,CANFINHOME,INR,56985293,NSE,STK
CANARA BANK,CANBK,CANBK,INR,56985302,NSE,STK
CANARA ROBECO GOLD ETF,CRMFGETF,CRMFGETF,INR,105063889,NSE,STK
CANTABIL RETAIL INDIA LTD,CANTABIL,CANTABIL,INR,79871596,NSE,STK
CAPITAL FIRST LTD,CAPF,CAPF,INR,56983523,NSE,STK
CAPLIN POINT LABORATORIES,CAPLIPOIN,CAPLIPOINT,INR,64683330,NSE,STK
CAPRI GLOBAL CAPITAL LTD,CGCL,CGCL,INR,64687039,NSE,STK
CARBORUNDUM UNIVERSAL LTD,CARBORUNI,CARBORUNIV,INR,95548951,NSE,STK
CAREER POINT LTD,CAREERP,CAREERP,INR,79730134,NSE,STK
CASTEX TECHNOLOGIES LTD,CASTEXTEC,CASTEXTECH,INR,56988281,NSE,STK
CASTROL INDIA LTD,CASTROLIN,CASTROLIND,INR,146063895,NSE,STK
CCL PRODUCTS INDIA LTD,CCL1,CCL,INR,132773219,NSE,STK
CEAT LIMITED,CEATLTD,CEATLTD,INR,56985342,NSE,STK
CELEBRITY FASHIONS LTD,CELEBRITY,CELEBRITY,INR,56985374,NSE,STK
CELESTIAL BIOLABS LTD,CELESTIAL,CELESTIAL,INR,56985344,NSE,STK
CENTRAL BANK OF INDIA,CENTRALBK,CENTRALBK,INR,56985305,NSE,STK
CENTUM ELECTRONICS LIMITED,CENTUM,CENTUM,INR,56985500,NSE,STK
CENTURY ENKA LIMITED,CENTENKA,CENTENKA,INR,56985349,NSE,STK
CENTURY EXTRUSIONS LIMITED,CENTEXT,CENTEXT,INR,56985361,NSE,STK
CENTURY PLYBOARDS INDIA LTD,CENTURYPL,CENTURYPLY,INR,56985449,NSE,STK
CENTURY TEXTILES & INDS LTD,CENTURYTE,CENTURYTEX,INR,56985354,NSE,STK
CERA SANITARYWARE LTD,CERA,CERA,INR,56985491,NSE,STK
CEREBRA INTEGRATED TECH LTD,CEREBRAIN,CEREBRAINT,INR,64683447,NSE,STK
CESC LIMITED,CESC,CESC,INR,56985359,NSE,STK
CHAMBAL FERTILISERS & CHEM,CHAMBLFER,CHAMBLFERT,INR,56985404,NSE,STK
CHEMFAB ALKALIES LIMITED,CHEMFALKA,CHEMFALKAL,INR,56985395,NSE,STK
CHENNAI PETROLEUM CORP LTD,CHENNPETR,CHENNPETRO,INR,56987345,NSE,STK
CHOLAMANDALAM INVESTMENT AND,CHOLAFIN,CHOLAFIN,INR,56985332,NSE,STK
CHROMATIC INDIA LTD,CHROMATIC,CHROMATIC,INR,64683350,NSE,STK
CIGNITI TECHNOLOGIES LTD,CIGNITITE,CIGNITITEC,INR,64683442,NSE,STK
CIL NOVA PETROCHEMICALS LTD,CNOVAPETR,CNOVAPETRO,INR,141212388,NSE,STK
CIMMCO LTD,CIMMCO,CIMMCO,INR,94133156,NSE,STK
CINELINE INDIA LTD,CINELINE,CINELINE,INR,108538699,NSE,STK
CINEVISTA LTD,CINEVISTA,CINEVISTA,INR,56985439,NSE,STK
CIPLA LTD,CIPLA,CIPLA,INR,44652139,NSE,STK
CITY UNION BANK LTD,CUB,CUB,INR,56985542,NSE,STK
CLARIANT CHEMICALS (I) LTD,CLNINDIA,CLNINDIA,INR,56985422,NSE,STK
CLASSIC DIAMONDS (INDIA),CLASSIC,CLASSIC,INR,56985412,NSE,STK
CLUTCH AUTO LIMITED,CLUTCHAUT,CLUTCHAUTO_BZ,INR,56985424,NSE,STK
CMC LIMITED,CMC,CMC,INR,56985429,NSE,STK
COAL INDIA LTD,COALINDIA,COALINDIA,INR,80626626,NSE,STK
COLGATE PALMOLIVE (INDIA),COLPAL,COLPAL,INR,56985419,NSE,STK
COMMERCIAL ENGINEERS & BODY,CEBBCO,CEBBCO,INR,80247304,NSE,STK
COMPUCOM SOFTWARE LIMITED,COMPUSOFT,COMPUSOFT,INR,64683433,NSE,STK
CONSOLIDATED CONSTRUCTION CO,CCCL,CCCL,INR,72526520,NSE,STK
CONSOLIDATED FINVEST & HLDG,CONSOFINV,CONSOFINVT,INR,56985329,NSE,STK
CONTAINER CORP OF INDIA LTD,CONCOR,CONCOR,INR,56985327,NSE,STK
CORDS CABLE INDUSTRIES LTD,CORDSCABL,CORDSCABLE,INR,56985443,NSE,STK
CORE EDUCATION & TECHNOLOGIE,COREEDUTE,COREEDUTEC,INR,56985464,NSE,STK
COROMANDEL INTERNATIONAL LTD,COROMANDE,COROMANDEL,INR,82363812,NSE,STK
CORPORATION BANK,CORPBANK,CORPBANK,INR,180222143,NSE,STK
COSMO FILMS LIMITED,COSMOFILM,COSMOFILMS,INR,56985378,NSE,STK
COUNTRY CLUB HOSPITALITY & H,CCHHL,CCHHL,INR,64683146,NSE,STK
COUNTRY CONDOS LTD,COUNCODOS,COUNCODOS,INR,75733192,NSE,STK
COX AND KINGS LTD,COXKINGS,COX&KINGS,INR,90028958,NSE,STK
CREATIVE EYE LTD,CREATIVEY,CREATIVEYE,INR,56985364,NSE,STK
CREDIT ANALYSIS & RESEARCH,CARERATIN,CARERATING,INR,119564853,NSE,STK
CREST VENTURES LTD,CREST,CREST,INR,56988991,NSE,STK
CRISIL LTD,CRISIL,CRISIL,INR,95305491,NSE,STK
CROMPTON GREAVES LIMITED,CROMPGREA,CROMPGREAV,INR,56985479,NSE,STK
CUBEX TUBINGS LIMITED,CUBEXTUB,CUBEXTUB,INR,56985545,NSE,STK
CUMMINS INDIA LTD,CUMMINSIN,CUMMINSIND,INR,56985045,NSE,STK
CURA TECHNOLOGIES LTD,CURATECH,CURATECH,INR,56989159,NSE,STK
CYBER MEDIA INDIA LTD,CYBERMEDI,CYBERMEDIA,INR,56985548,NSE,STK
CYBERTECH SYSTEMS & SOFTWARE,CYBERTECH,CYBERTECH,INR,56985554,NSE,STK
CYIENT LTD,CYIENT,CYIENT,INR,56985714,NSE,STK
D-LINK INDIA LTD,DLINKINDI,DLINKINDIA,INR,60890242,NSE,STK
D.B. CORP LIMITED,DBCORP,DBCORP,INR,71748467,NSE,STK
D.S. KULKARNI DEVELOPERS,DSKULKARN,DSKULKARNI,INR,56984115,NSE,STK
DABUR INDIA LIMITED,DABUR,DABUR,INR,44652199,NSE,STK
DALMIA BHARAT LTD,DALMIABHA,DALMIABHA,INR,83386668,NSE,STK
DALMIA BHARAT SUGAR & INDUST,DALMIASUG,DALMIASUG,INR,56983997,NSE,STK
DATAMATICS GLOBAL SERVICES,DATAMATIC,DATAMATICS,INR,56983991,NSE,STK
DB INTL STOCK BROKERS LTD,DBSTOCKBR,DBSTOCKBRO,INR,79427381,NSE,STK
DB REALTY LTD,DBREALTY,DBREALTY,INR,72950257,NSE,STK
DCB BANK LTD,DCBBANK,DCBBANK,INR,56984045,NSE,STK
DCM LIMITED,DCM,DCM,INR,56984005,NSE,STK
DCM SHRIRAM LTD,DCMSRMCON,DCMSHRIRAM,INR,56984015,NSE,STK
DCW LIMITED,DCW,DCW,INR,56984017,NSE,STK
DE NORA INDIA LIMITED,DENORA,DENORA,INR,56984040,NSE,STK
DECCAN CEMENTS LIMITED,DECCANCE,DECCANCE,INR,56984030,NSE,STK
DECOLIGHT CERAMICS LIMITED,DECOLIGHT,DECOLIGHT,INR,56984027,NSE,STK
DEEP INDUSTRIES LTD,DEEPIND,DEEPIND,INR,64688703,NSE,STK
DEEPAK FERTILISERS & PETRO,DEEPAKFER,DEEPAKFERT,INR,56984054,NSE,STK
DEEPAK NITRITE LTD,DEEPAKNTR,DEEPAKNTR,INR,156534857,NSE,STK
DELTA CORP LTD,DELTACORP,DELTACORP,INR,56984039,NSE,STK
DELTA MAGNETS LTD,DELTAMAGN,DELTAMAGNT,INR,56984034,NSE,STK
DEN NETWORKS LTD,DEN,DEN,INR,70756752,NSE,STK
DENA BANK,DENABANK,DENABANK,INR,56983992,NSE,STK
DEWAN HOUSING FINANCE CORP,DHFL,DHFL,INR,56984051,NSE,STK
DHAMPUR SUGAR MILLS LTD,DHAMPURSU,DHAMPURSUG,INR,56984118,NSE,STK
DHANLAXMI BANK LTD,DHANBANK,DHANBANK,INR,56984064,NSE,STK
DHANUKA AGRITECH LTD,DHANUKA,DHANUKA,INR,78635345,NSE,STK
DHARANI SUGARS & CHEMICALS,DHARSUGAR,DHARSUGAR,INR,56984104,NSE,STK
DHUNSERI INVESTMENTS LTD,DHUNINV,DHUNINV,INR,85543753,NSE,STK
DHUNSERI PETROCHEM LTD,DPL,DPL,INR,56984069,NSE,STK
DHUNSERI TEA & INDUSTRIES LT,DTIL,DTIL,INR,181032033,NSE,STK
DIAMOND POWER INFRA LIMITED,DIAPOWER,DIAPOWER,INR,64688414,NSE,STK
DIC INDIA LTD,DICIND,DICIND,INR,56984074,NSE,STK
DIGJAM LTD,DIGJAM,DIGJAM,INR,56984057,NSE,STK
DISH TV INDIA LTD,DISHTV,DISHTV,INR,56984081,NSE,STK
DISHMAN PHARMACEUTICALS & CH,DISHMAN,DISHMAN,INR,56984079,NSE,STK
DIVIS LABORATORIES LTD,DIVISLAB,DIVISLAB,INR,56984084,NSE,STK
DLF LIMITED,DLF,DLF,INR,49982064,NSE,STK
DOLPHIN OFFSHORE ENTERPRISES,DOLPHINOF,DOLPHINOFF,INR,56984098,NSE,STK
DONEAR INDUSTRIES LTD,DONEAR,DONEAR,INR,56984094,NSE,STK
DPSC LTD,DPSCLTD,DPSCLTD,INR,98703855,NSE,STK
DQ ENTERTAINMENT INTL LTD,DQE,DQE,INR,89584622,NSE,STK
DR. REDDYS LABORATORIES,DRREDDY,DRREDDY,INR,44652180,NSE,STK
DREDGING CORP OF INDIA LTD,DREDGECOR,DREDGECORP,INR,56984000,NSE,STK
DUNCANS INDUSTRIES LTD,DUNCANSLT,DUNCANSLTD,INR,130801229,NSE,STK
DWARIKESH SUGAR INDUS LTD,DWARKESH,DWARKESH,INR,56984109,NSE,STK
DYNACONS SYSTEMS & SOLUTIONS,DSSL,DSSL,INR,97147261,NSE,STK
DYNACONS TECHNOLOGIES LTD,DYNATECH,DYNATECH,INR,82628881,NSE,STK
DYNAMATIC TECHNOLOGIES LTD,DYNAMATEC,DYNAMATECH,INR,56984124,NSE,STK
E-LAND APPAREL LTD,ELAND,ELAND,INR,56987194,NSE,STK
EASTERN SILK INDUSTRIES LTD,EASTSILK,EASTSILK,INR,56984435,NSE,STK
EASUN REYROLLE LIMITED,EASUNREYR,EASUNREYRL,INR,56984401,NSE,STK
ECE INDUSTRIES LTD,ECEIND,ECEIND,INR,56984289,NSE,STK
ECLERX SERVICES LTD,ECLERX,ECLERX,INR,75733275,NSE,STK
EDELWEISS ETF-NIFTY EES,NIFTYEES,NIFTYEES,INR,194310322,NSE,STK
EDELWEISS FINANCIAL SERVICES,EDELWEISS,EDELWEISS,INR,77837409,NSE,STK
EDUCOMP SOLUTIONS LTD,EDUCOMP,EDUCOMP,INR,69908072,NSE,STK
EICHER MOTORS LTD,EICHERMOT,EICHERMOT,INR,56984334,NSE,STK
EID PARRY INDIA LTD,EIDPARRY,EIDPARRY,INR,82363785,NSE,STK
EIH ASSOCIATED HOTELS,EIHAHOTEL,EIHAHOTELS,INR,56983604,NSE,STK
EIH LIMITED,EIHOTEL,EIHOTEL,INR,56984324,NSE,STK
EIMCO ELECON INDIA LTD,EIMCOELEC,EIMCOELECO,INR,56984314,NSE,STK
ELDER PHARMACEUTICALS LTD,ELDERPHAR,ELDERPHARM,INR,56984351,NSE,STK
ELECON ENGINEERING CO LTD,ELECON,ELECON,INR,56984346,NSE,STK
ELECTROSTEEL CASTINGS LTD,ELECTCAST,ELECTCAST,INR,56984358,NSE,STK
ELECTROSTEEL STEELS LTD,ESL,ESL,INR,79773539,NSE,STK
ELECTROTHERM INDIA LTD,ELECTHERM,ELECTHERM,INR,56984361,NSE,STK
ELGI EQUIPMENTS LTD,ELGIEQUIP,ELGIEQUIP,INR,56984355,NSE,STK
ELGI RUBBER COMPANY LTD,ELGIRUBCO,ELGIRUBCO,INR,92608238,NSE,STK
EMAMI INFRASTRUCTURE LTD,EMAMIINFR,EMAMIINFRA,INR,77576800,NSE,STK
EMAMI LIMITED,EMAMILTD,EMAMILTD,INR,77442377,NSE,STK
EMCO LIMITED,EMCO,EMCO,INR,56984364,NSE,STK
EMKAY GLOBAL FINANCIAL SERV,EMKAY,EMKAY,INR,56984375,NSE,STK
EMMBI INDUSTRIES LIMITED,EMMBI,EMMBI,INR,72975227,NSE,STK
EMPEE DISTILLERIES LIMITED,EDL,EDL,INR,56984304,NSE,STK
ENERGY DEVELOPMENT CO,ENERGYDEV,ENERGYDEV,INR,56984381,NSE,STK
ENGINEERS INDIA LTD,ENGINERSI,ENGINERSIN,INR,75044888,NSE,STK
ENTEGRA LIMITED,ENTEGRA,ENTEGRA,INR,56984331,NSE,STK
ENTERTAINMENT NETWORK INDIA,ENIL,ENIL,INR,56984384,NSE,STK
EON ELECTRIC LTD,EON,EON,INR,108499376,NSE,STK
ERA INFRA ENGINEERING LTD,ERAINFRA,ERAINFRA,INR,56984399,NSE,STK
EROS INTERNATIONAL MEDIA LTD,EROSMEDIA,EROSMEDIA,INR,79730131,NSE,STK
ESAB INDIA LTD,ESABINDIA,ESABINDIA,INR,56984404,NSE,STK
ESCORTS LTD,ESCORTS,ESCORTS,INR,56984411,NSE,STK
ESS DEE ALUMINIUM LTD,ESSDEE,ESSDEE,INR,56984292,NSE,STK
ESSAR OIL LTD,ESSAROIL,ESSAROIL,INR,56984441,NSE,STK
ESSAR PORTS LTD,ESSARPORT,ESSARPORTS,INR,89034188,NSE,STK
ESSAR SHIPPING LTD,ESSARSHPN,ESSARSHPNG,INR,97449624,NSE,STK
ESSEL PROPACK LTD,ESSELPACK,ESSELPACK,INR,56984418,NSE,STK
ESTER INDUSTRIES LTD,ESTER,ESTER,INR,64683559,NSE,STK
EURO CERAMICS LTD,EUROCERA,EUROCERA,INR,56984471,NSE,STK
EURO MULTIVISION LTD,EUROMULTI,EUROMULTI,INR,72432205,NSE,STK
EUROTEX INDS & EXPORTS LTD,EUROTEXIN,EUROTEXIND,INR,56984321,NSE,STK
EVEREADY INDUSTRIES INDIA,EVEREADY,EVEREADY,INR,56984494,NSE,STK
EVEREST INDUSTRIES LTD,EVERESTIN,EVERESTIND,INR,56984477,NSE,STK
EVEREST KANTO CYLINDER LTD,EKC,EKC,INR,56984341,NSE,STK
EVERONN EDUCATION LTD,EVERONN,EVERONN,INR,56984424,NSE,STK
EXCEL CROP CARE LTD,EXCELCROP,EXCELCROP,INR,56984501,NSE,STK
EXCEL INDUSTRIES LTD,EXCELINDU,EXCELINDUS,INR,56984511,NSE,STK
EXCEL REALTY N INFRA LTD,EXCEL,EXCEL,INR,72432200,NSE,STK
EXIDE INDUSTRIES LTD,EXIDEIND,EXIDEIND,INR,56985401,NSE,STK
FAG BEARINGS INDIA LTD,FAGBEARIN,FAGBEARING,INR,56983509,NSE,STK
FARMAX INDIA LTD,FARMAXIND,FARMAXIND,INR,77716111,NSE,STK
FCS SOFTWARE SOLUTIONS LTD,FCSSOFT,FCSSOFT,INR,69447224,NSE,STK
FDC LTD,FDC,FDC,INR,56983549,NSE,STK
FEDDERS LLOYD CORP LTD,FEDDERLOY,FEDDERLOYD,INR,56983554,NSE,STK
FEDERAL BANK LTD,FEDERALBN,FEDERALBNK,INR,136316474,NSE,STK
FEDERAL-MOGUL GOETZE INDIA,FMGOETZE,FMGOETZE,INR,56983565,NSE,STK
FERTILISERS & CHEM TRAVANCR,FACT,FACT,INR,56983544,NSE,STK
FIEM INDUSTRIES LTD,FIEMIND,FIEMIND,INR,56983559,NSE,STK
FILATEX INDIA LTD,FILATEX,FILATEX,INR,64683792,NSE,STK
FINANCIAL TECHN (INDIA) LTD,FINANTECH,FINANTECH,INR,56983594,NSE,STK
FINEOTEX CHEMICAL LTD,FCL,FCL,INR,196550755,NSE,STK
FINOLEX CABLES LTD,FINCABLES,FINCABLES,INR,56983571,NSE,STK
FINOLEX INDUSTRIES LTD,FINPIPE,FINPIPE,INR,56983574,NSE,STK
FIRST WINNER INDUSTRIES LTD,FIRSTWIN,FIRSTWIN,INR,56983599,NSE,STK
FIRSTSOURCE SOLUTIONS LTD,FSL,FSL,INR,56983589,NSE,STK
FLEXITUFF INTERNATIONAL LTD,FLEXITUFF,FLEXITUFF,INR,96028245,NSE,STK
FORTIS HEALTHCARE LTD,FORTIS,FORTIS,INR,56983577,NSE,STK
FOSECO INDIA LTD,FOSECOIND,FOSECOIND,INR,56983584,NSE,STK
FUTURE CONSUMER ENTERPRISE L,FCEL,FCEL,INR,130760477,NSE,STK
FUTURE LIFESTYLE FASHIONS LT,FLFL,FLFL,INR,130831764,NSE,STK
FUTURE MARKET NETWORKS LTD,FMNL,FMNL,INR,82481821,NSE,STK
FUTURE RETAIL LTD-CLASS B,FRLDVR,FRLDVR,INR,75733288,NSE,STK
FUTURE RETAIL LTD,FRL,FRL,INR,56986733,NSE,STK
GABRIEL INDIA LTD,GABRIEL,GABRIEL,INR,56986137,NSE,STK
GAIL INDIA LTD,GAIL,GAIL,INR,44652084,NSE,STK
GALLANTT ISPAT LTD,GALLISPAT,GALLISPAT,INR,79839452,NSE,STK
GALLANTT METAL LTD,GALLANTT,GALLANTT,INR,56986149,NSE,STK
GAMMON INDIA LTD,GAMMONIND,GAMMONIND,INR,56986260,NSE,STK
GAMMON INFRASTRUCTURE PROJEC,GAMMNINFR,GAMMNINFRA,INR,69910028,NSE,STK
GANDHI SPECIAL TUBES LTD,GANDHITUB,GANDHITUBE,INR,56986280,NSE,STK
GANESH HOUSING CORP LTD,GANESHHOU,GANESHHOUC,INR,56986219,NSE,STK
GANESHA ECOSPHERE LTD,GANECOS,GANECOS,INR,64683957,NSE,STK
GANGOTRI TEXTILES LTD,GANGOTRI,GANGOTRI,INR,56986294,NSE,STK
GARDEN SILK MILLS LTD,GARDENSIL,GARDENSILK,INR,56986330,NSE,STK
GARWARE WALL ROPES LIMITED,GARWALLRO,GARWALLROP,INR,56986411,NSE,STK
GATEWAY DISTRIPARKS LTD,GDL,GDL,INR,56986179,NSE,STK
GATI LTD,GATI,GATI,INR,56986365,NSE,STK
GAYATRI PROJECTS LTD,GAYAPROJ,GAYAPROJ,INR,64684272,NSE,STK
GEE CEE VENTURES LTD,GEECEE,GEECEE,INR,56986161,NSE,STK
GEI INDUSTRIAL SYSTEMS LTD,GEINDSYS,GEINDSYS,INR,64684168,NSE,STK
GEMINI COMMUNICATIONS LTD,GEMINI,GEMINI,INR,56986255,NSE,STK
GENESYS INTL CORP LTD,GENESYS,GENESYS,INR,76662806,NSE,STK
GENUS PAPER & BOARD LTD,GENUSPAPE,GENUSPAPER,INR,183903727,NSE,STK
GENUS POWER INFRASTRUCTURES,GENUSPOWE,GENUSPOWER,INR,80311142,NSE,STK
GEOJIT BNP PARIBAS FINANCIAL,GEOJITBNP,GEOJITBNPP,INR,56986205,NSE,STK
GEOMETRIC LTD,GEOMETRIC,GEOMETRIC,INR,56986185,NSE,STK
GHCL LTD,GHCL,GHCL,INR,56986212,NSE,STK
GI ENGINEERING SOLUTIONS LTD,GISOLUTIO,GISOLUTION,INR,75733209,NSE,STK
GIC HOUSING FINANCE LTD,GICHSGFIN,GICHSGFIN,INR,56986222,NSE,STK
GILLANDERS ARBUTHNOT & CO,GILLANDER,GILLANDERS,INR,64684270,NSE,STK
GILLETTE INDIA LTD,GILLETTE,GILLETTE,INR,56985730,NSE,STK
GINNI FILAMENTS LTD,GINNIFILA,GINNIFILA,INR,75733231,NSE,STK
GITANJALI GEMS LTD,GITANJALI,GITANJALI,INR,56986234,NSE,STK
GKW LTD,GKWLIMITE,GKWLIMITED,INR,76142602,NSE,STK
GLAXOSMITHKLINE CONSUMER HEA,GSKCONS,GSKCONS,INR,56989051,NSE,STK
GLAXOSMITHKLINE PHARMACEUTIC,GLAXO,GLAXO,INR,44652177,NSE,STK
GLENMARK PHARMACEUTICALS LTD,GLENMARK,GLENMARK,INR,56986291,NSE,STK
GLOBAL OFFSHORE SERVICES LTD,GLOBOFFS,GLOBOFFS,INR,56986404,NSE,STK
GLOBAL VECTRA HELICORP LTD,GLOBALVEC,GLOBALVECT,INR,76142574,NSE,STK
GLOBUS SPIRITS LIMITED,GLOBUSSPR,GLOBUSSPR,INR,72432211,NSE,STK
GLORY POLYFILMS LTD,GLORY,GLORY,INR,56986320,NSE,STK
GM BREWERIES LTD,GMBREW,GMBREW,INR,56986250,NSE,STK
GMR INFRASTRUCTURE LTD,GMRINFRA,GMRINFRA,INR,69237773,NSE,STK
GOA CARBON LTD,GOACARBON,GOACARBON,INR,56986297,NSE,STK
GODAWARI POWER AND ISPAT LTD,GPIL,GPIL,INR,56986300,NSE,STK
GODFREY PHILLIPS INDIA LTD,GP,GODFRYPHLP,INR,174961888,NSE,STK
GODREJ CONSUMER PRODUCTS LTD,GODREJCP,GODREJCP,INR,56986171,NSE,STK
GODREJ INDUSTRIES LTD,GODREJIND,GODREJIND,INR,56986182,NSE,STK
GODREJ PROPERTIES LTD,GPL,GODREJPROP,INR,138950253,NSE,STK
GOENKA DIAMOND & JEWELS LTD,GOENKA,GOENKA_BZ,INR,116304258,NSE,STK
GOKALDAS EXPORTS LTD,GOKEX,GOKEX,INR,56986199,NSE,STK
GOKUL REFOILS & SOLVENT LTD,GOKUL,GOKUL,INR,69412863,NSE,STK
GOL OFFSHORE LTD,GTOFFSHOR,GTOFFSHORE,INR,56986305,NSE,STK
GOLDEN TOBACCO LIMITED,GOLDENTOB,GOLDENTOBC,INR,56986380,NSE,STK
GOLDIAM INTERNATIONAL LTD,GOLDIAM,GOLDIAM,INR,56986239,NSE,STK
GOLDMAN GOLD ETF-GOLD BEES,GOLDBEES,GOLDBEES,INR,56986159,NSE,STK
GOLDMAN HANG SENG BEES,HNGSNGBEE,HNGSNGBEES,INR,73451273,NSE,STK
GOLDMAN INFRASTRUCTUR BEES,INFRABEES,INFRABEES,INR,109603813,NSE,STK
GOLDMAN LIQUID ETF BEES,LIQUIDBEE,LIQUIDBEES,INR,56983408,NSE,STK
GOLDMAN SHARIAH ETF BEES,SHARIABEE,SHARIABEES,INR,75733353,NSE,STK
GOLDSTONE INFRATECH LIMITED,GOLDINFRA,GOLDINFRA,INR,56986391,NSE,STK
GOLDSTONE TECHNOLOGIES LTD,GOLDTECH,GOLDTECH,INR,56986354,NSE,STK
GOOD LUCK STEEL TUBES LTD,GOODLUCK,GOODLUCK,INR,64684157,NSE,STK
GP PETROLEUMS LTD,GULFPETRO,GULFPETRO,INR,75733287,NSE,STK
GRANULES INDIA LTD,GRANULES,GRANULES,INR,186878917,NSE,STK
GRAPHITE INDIA LTD,GRAPHITE,GRAPHITE,INR,56986339,NSE,STK
GRASIM INDUSTRIES LIMITED,GRASIM,GRASIM,INR,44652099,NSE,STK
GRAVITA INDIA LTD,GRAVITA,GRAVITA,INR,107998370,NSE,STK
GREAT EASTERN SHIPPING CO,GESHIP,GESHIP,INR,56986194,NSE,STK
GREAVES COTTON LTD,GREAVESCO,GREAVESCOT,INR,81325729,NSE,STK
GREEN FIRE AGRI COMMODITIES,GREENFIRE,GREENFIRE,INR,115504607,NSE,STK
GREENEARTH RESOURCES AND PRO,AUSTRAL,AUSTRAL,INR,64936286,NSE,STK
GREENLAM INDUSTRIES LIMITED,GREENLAM,GREENLAM,INR,175916048,NSE,STK
GREENPLY INDUSTRIES LTD,GREENPLY,GREENPLY,INR,56987660,NSE,STK
GRINDWELL NORTON LIMITED,GRINDWELL,GRINDWELL,INR,56986401,NSE,STK
GRP LTD,GRPLTD,GRPLTD,INR,64684020,NSE,STK
GRUH FINANCE LTD,GRUH,GRUH,INR,110646650,NSE,STK
GS BANKING EXCH-GS BANK BEES,BANKBEES,BANKBEES,INR,56987867,NSE,STK
GS CPSE ID EXCH-GS CPSE BEES,CPSEETF,CPSEETF,INR,147871235,NSE,STK
GS NIFTY EXCH-GS JUNIOR BEES,JUNIORBEE,JUNIORBEES,INR,56984144,NSE,STK
GS NIFTY EXCH-GS NIFTY BEES,NIFTYBEES,NIFTYBEES,INR,56984531,NSE,STK
GS PSU BANK-GS PSU BANK BEES,PSUBNKBEE,PSUBNKBEES,INR,56987067,NSE,STK
GSS INFOTECH LTD,GSS,GSS,INR,56986360,NSE,STK
GTL INFRASTRUCTURE LTD,GTLINFRA,GTLINFRA,INR,56986371,NSE,STK
GTL LTD,GTL,GTL,INR,56986386,NSE,STK
GTN INDUSTRIES LTD,GTNIND,GTNIND,INR,56986374,NSE,STK
GTN TEXTILES LIMITED,GTNTEX,GTNTEX,INR,56986377,NSE,STK
GUFIC BIOSCIENCES LIMITED,GUFICBIO,GUFICBIO,INR,56985371,NSE,STK
GUJARAT ALKALIES & CHEMICALS,GUJALKALI,GUJALKALI,INR,56986144,NSE,STK
GUJARAT AMBUJA EXPORTS LTD,GAEL,GAEL,INR,56986140,NSE,STK
GUJARAT APOLLO INDUSTRIES LT,GUJAPOLLO,GUJAPOLLO,INR,56986154,NSE,STK
GUJARAT FLUOROCHEMICALS LTD,GUJFLUORO,GUJFLUORO,INR,56986200,NSE,STK
GUJARAT INDS POWER CO LTD,GIPCL,GIPCL,INR,56986224,NSE,STK
GUJARAT LEASE FINANCING LTD,GLFL,GLFL,INR,56986240,NSE,STK
GUJARAT MINERAL DEV CORP LTD,GMDCLTD,GMDCLTD,INR,56986257,NSE,STK
GUJARAT NARMADA VALLEY FERT,GNFC,GNFC,INR,56986285,NSE,STK
GUJARAT NRE COKE LTD-B,GUJNREDVR,GUJNREDVR,INR,75822024,NSE,STK
GUJARAT NRE COKE LTD,GUJNRECOK,GUJNRECOKE,INR,56986279,NSE,STK
GUJARAT PIPAVAV PORT LTD,GPPL,GPPL,INR,78746682,NSE,STK
GUJARAT SIDHEE CEMENT LTD,GSCLCEMEN,GSCLCEMENT,INR,127625251,NSE,STK
GUJARAT STATE FERT & CHEMICA,GSFC,GSFC,INR,113787164,NSE,STK
GUJARAT STATE PETRONET LTD,GSPL,GSPL,INR,56986392,NSE,STK
GULF OIL CORP LTD,GULFCORP,GULFCORP,INR,158011522,NSE,STK
GULF OIL LUBRICANTS INDIA LT,GULFOILLU,GULFOILLUB,INR,162399636,NSE,STK
GULSHAN POLYOLS LIMITED,GULPOLY,GULPOLY,INR,64684260,NSE,STK
GVK POWER & INFRASTRUCTURE,GVKPIL,GVKPIL,INR,56986397,NSE,STK
GYSCOAL ALLOYS LIMITED,GAL,GAL,INR,80409122,NSE,STK
H.E.G. LIMITED,HEG,HEG,INR,56983871,NSE,STK
HANUNG TOYS & TEXTILES LTD,HANUNG,HANUNG,INR,56983962,NSE,STK
HARITA SEATING SYSTEMS LTD,HARITASEA,HARITASEAT,INR,76142576,NSE,STK
HARRISONS MALAYALAM LIMITED,HARRMALAY,HARRMALAYA,INR,56983934,NSE,STK
HATHWAY CABLE AND DATACOM,HATHWAY,HATHWAY,INR,179029728,NSE,STK
HATSUN AGRO PRODUCTS LTD,HATSUN,HATSUN,INR,95370839,NSE,STK
HAVELLS INDIA LTD,HAVELLS,HAVELLS,INR,164667099,NSE,STK
HB STOCKHOLDINGS LIMITED,HBSTOCK,HBSTOCK,INR,56983832,NSE,STK
HBL POWER SYSTEMS LTD,HBLPOWER,HBLPOWER,INR,70596511,NSE,STK
HCL INFOSYSTEMS LTD,HCL-INSYS,HCL-INSYS,INR,56983851,NSE,STK
HCL TECHNOLOGIES LTD,HCLTECH,HCLTECH,INR,44652094,NSE,STK
HDFC BANK LTD,HDFCBANK,HDFCBANK,INR,90825534,NSE,STK
HDFC GOLD ETF,HDFCMFGET,HDFCMFGETF,INR,78017298,NSE,STK
HEIDELBERGCEMENT INDIA LTD,HEIDELBER,HEIDELBERG,INR,56987811,NSE,STK
HELIOS & MATHESON INFO TECH,HELIOSMAT,HELIOSMATH,INR,56983897,NSE,STK
HERCULES HOISTS LIMITED,HERCULES,HERCULES,INR,56983841,NSE,STK
HERITAGE FOODS LTD,HERITGFOO,HERITGFOOD,INR,75733313,NSE,STK
HERO MOTOCORP LIMITED,HEROMOTOC,HEROMOTOCO,INR,44652149,NSE,STK
HESTER BIOSCIENCES LIMITED,HESTERBIO,HESTERBIO,INR,64684434,NSE,STK
HEXA TRADEX LTD,HEXATRADE,HEXATRADEX,INR,106057700,NSE,STK
HEXAWARE TECHNOLOGIES LTD,HEXAWARE,HEXAWARE,INR,56983874,NSE,STK
HI-TECH GEARS LIMITED,HITECHGEA,HITECHGEAR,INR,56983947,NSE,STK
HIKAL LTD,HIKAL,HIKAL,INR,185291296,NSE,STK
HIL LTD,HIL,HIL,INR,56983974,NSE,STK
HILTON METAL FORGING LTD,HILTON,HILTON,INR,56983894,NSE,STK
HIMACHAL FUTURISTIC COMMUN,HFCL,HFCL,INR,85012939,NSE,STK
HIMADRI CHEMICALS & INDS,HCIL,HCIL,INR,80647277,NSE,STK
HIMATSINGKA SEIDE LIMITED,HIMATSEID,HIMATSEIDE,INR,56983940,NSE,STK
HIND RECTIFIERS LIMITED,HIRECT,HIRECT,INR,56983931,NSE,STK
HINDALCO INDUSTRIES LIMITED,HINDALCO,HINDALCO,INR,44652119,NSE,STK
HINDUJA FOUNDRIES LIMITED,HINDUJAFO,HINDUJAFO,INR,56984389,NSE,STK
HINDUJA GLOBAL SOLUTIONS LTD,HGS,HGS,INR,56983879,NSE,STK
HINDUJA VENTURES LIMITED,HINDUJAVE,HINDUJAVEN,INR,56983967,NSE,STK
HINDUSTAN COMPOSITES LTD,HINDCOMPO,HINDCOMPOS,INR,56983854,NSE,STK
HINDUSTAN CONSTRUCTION CO,HCC,HCC,INR,56983837,NSE,STK
HINDUSTAN COPPER LIMITED,HINDCOPPE,HINDCOPPER,INR,64684428,NSE,STK
HINDUSTAN DORR-OLIVER LTD,HINDDORRO,HINDDORROL,INR,56983861,NSE,STK
HINDUSTAN MEDIA VENTURES LTD,HMVL,HMVL,INR,77476854,NSE,STK
HINDUSTAN MOTORS LTD,HINDMOTOR,HINDMOTORS,INR,84155174,NSE,STK
HINDUSTAN OIL EXPLORATION CO,HINDOILEX,HINDOILEXP,INR,56983914,NSE,STK
HINDUSTAN ORGANIC CHEMICALS,HOCL,HOCL,INR,56983909,NSE,STK
HINDUSTAN PETROLEUM CORP,HINDPETRO,HINDPETRO,INR,44652194,NSE,STK
HINDUSTAN SYNTEX LTD,HINDSYNTE,HINDSYNTEX,INR,75733356,NSE,STK
HINDUSTAN UNILEVER LTD,HINDUNILV,HINDUNILVR,INR,44652060,NSE,STK
HINDUSTAN ZINC LTD,HINDZINC,HINDZINC,INR,84948060,NSE,STK
HINDUSTHAN NATL GLASS & INDU,HINDNATGL,HINDNATGLS,INR,75733101,NSE,STK
HITACHI HOME & LIFE SOLUTION,HITACHIHO,HITACHIHOM,INR,56983950,NSE,STK
HITECH PLAST LTD,HITECHPLA,HITECHPLAS,INR,56983957,NSE,STK
HMT LIMITED,HMT,HMT,INR,56983904,NSE,STK
HONDA SIEL POWER PRODUCTS,HONDAPOWE,HONDAPOWER,INR,56988976,NSE,STK
HONEYWELL AUTOMATION INDIA,HONAUT,HONAUT,INR,56983971,NSE,STK
HOTEL LEELAVENTURE LTD,HOTELEELA,HOTELEELA,INR,56983424,NSE,STK
HOTEL RUGBY LTD,HOTELRUGB,HOTELRUGBY,INR,171623581,NSE,STK
HOUSING DEVELOPMENT & INFRAS,HDIL,HDIL,INR,56983856,NSE,STK
HOUSING DEVELOPMENT FINANCE,HDFC,HDFC,INR,77975259,NSE,STK
HOV SERVICES LTD,HOVS,HOVS,INR,56983921,NSE,STK
HSIL LTD,HSIL,HSIL,INR,56983937,NSE,STK
HT MEDIA LTD,HTMEDIA,HTMEDIA,INR,56983952,NSE,STK
HUBTOWN LIMITED,HUBTOWN,HUBTOWN,INR,56988215,NSE,STK
HUHTAMAKI PPL LTD,PAPERPROD,PAPERPROD,INR,56986988,NSE,STK
I.G. PETROCHEMICALS LTD,IGPL,IGPL,INR,56985640,NSE,STK
ICICI BANK LTD,ICICIBANK,ICICIBANK,INR,175596029,NSE,STK
ICICI PRUDENTIAL CNX 100 ETF,ICNX100,ICNX100,INR,133683574,NSE,STK
ICICI PRUDENTIAL GOLD ETF,IGOLD,IGOLD,INR,79383394,NSE,STK
ICICI PRUDENTIAL NIFTY ETF,INIFTY,INIFTY,INR,125039535,NSE,STK
ICICI PRUDENTIAL-SPICE,ISENSEX,ISENSEX,INR,64685150,NSE,STK
ICRA LIMITED,ICRA,ICRA,INR,56985594,NSE,STK
ICSA INDIA LTD,ICSA,ICSA,INR,56988455,NSE,STK
IDBI BANK LIMITED,IDBI,IDBI,INR,56985599,NSE,STK
IDBI GOLD ETF,IDBIGOLD,IDBIGOLD,INR,106061263,NSE,STK
IDEA CELLULAR LTD.,IDEA,IDEA,INR,50486121,NSE,STK
IDFC LTD,IDFC,IDFC,INR,56985600,NSE,STK
IFB AGRO INDUSTRIES LTD,IFBAGRO,IFBAGRO,INR,56985615,NSE,STK
IFB INDUSTRIES LIMITED,IFBIND,IFBIND,INR,56985617,NSE,STK
IFCI LIMITED,IFCI,IFCI,INR,56985620,NSE,STK
IFGL REFRACTORIES LIMITED,IFGLREFRA,IFGLREFRAC,INR,56985627,NSE,STK
IGARASHI MOTORS INDIA LTD,IGARASHI,IGARASHI,INR,56985639,NSE,STK
IIFL HOLDINGS LTD,IIFL,IIFL,INR,56985654,NSE,STK
IL & FS INVESTMENT MANAGERS,IVC,IVC,INR,68595965,NSE,STK
IL&FS ENGINEERING AND CONSTR,ILFSENGG,IL&FSENGG,INR,56987142,NSE,STK
IL&FS TRANSPORTATION NETWORK,ILFSTRANS,IL&FSTRANS,INR,73937545,NSE,STK
IMP POWERS LIMITED,INDLMETER,INDLMETER,INR,56985668,NSE,STK
IMPEX FERRO TECH LTD,IMPEXFERR,IMPEXFERRO,INR,56985678,NSE,STK
IND SWIFT LTD,INDSWFTLT,INDSWFTLTD,INR,56985736,NSE,STK
IND-SWIFT LABORATORIES LTD,INDSWFTLA,INDSWFTLAB,INR,56985815,NSE,STK
INDBANK MERCHANT BANKING SER,INDBANK,INDBANK,INR,56985665,NSE,STK
INDIA CEMENTS LIMITED,INDIACEM,INDIACEM,INR,56985582,NSE,STK
INDIA GLYCOLS LTD,INDIAGLYC,INDIAGLYCO,INR,56985634,NSE,STK
INDIA MOTOR PARTS & ACCESSOR,IMPAL,IMPAL,INR,56985675,NSE,STK
INDIA NIPPON ELECTRICALS LTD,INDNIPPON,INDNIPPON,INR,56985702,NSE,STK
INDIABULLS HOUSING FINANCE L,INBULLS,IBULHSGFIN,INR,125585152,NSE,STK
INDIABULLS REAL ESTATE LTD,IBREALEST,IBREALEST,INR,56985565,NSE,STK
INDIABULLS VENTURES LTD,IBVENTURE,IBVENTURES,INR,56985569,NSE,STK
INDIABULLS WHOLESALE SERVICE,IBWSL,IBWSL,INR,87877182,NSE,STK
INDIAN BANK,INDIANB,INDIANB,INR,56985685,NSE,STK
INDIAN CARD CLOTHING CO LTD,INDIANCAR,INDIANCARD,INR,56985579,NSE,STK
INDIAN HOTELS CO LIMITED,INDHOTEL,INDHOTEL,INR,56985645,NSE,STK
INDIAN HUME PIPE CO LIMITED,INDIANHUM,INDIANHUME,INR,78494794,NSE,STK
INDIAN METALS & FERRO ALLOY,IMFA,IMFA,INR,64685159,NSE,STK
INDIAN OIL CORPORATION LTD,IOC,IOC,INR,56985747,NSE,STK
INDIAN OVERSEAS BANK,IOB,IOB,INR,56985741,NSE,STK
INDIAN TERRAIN FASHIONS LTD,INDTERRAI,INDTERRAIN,INR,85250155,NSE,STK
INDO COUNT INDUSTRIES LTD,ICIL,ICIL,INR,56985589,NSE,STK
INDO RAMA SYNTHETICS (I),INDORAMA,INDORAMA,INR,56985804,NSE,STK
INDO TECH TRANSFORMERS LTD,INDOTECH,INDOTECH,INR,56985699,NSE,STK
INDO THAI SECURITIES LTD,INDOTHAI,INDOTHAI,INR,97000590,NSE,STK
INDO-NATIONAL LTD,NIPPOBATR,NIPPOBATRY,INR,56984525,NSE,STK
INDOCO REMEDIES LTD,INDOCO,INDOCO,INR,107327812,NSE,STK
INDOSOLAR LIMITED,INDOSOLAR,INDOSOLAR,INR,79552109,NSE,STK
INDOWIND ENERGY LTD,INDOWIND,INDOWIND,INR,56985610,NSE,STK
INDRAPRASTHA GAS LTD,IGL,IGL,INR,56985630,NSE,STK
INDRAPRASTHA MEDICAL CORP LT,INDRAMEDC,INDRAMEDCO,INR,56985787,NSE,STK
INDUSIND BANK LIMITED,INDUSINDB,INDUSINDBK,INR,56985651,NSE,STK
INDUSTRIAL INVESTMENT TRUST,IITL,IITL,INR,64684637,NSE,STK
INFINITE COMPUTER SOLUTIONS,INFINITE,INFINITE,INR,72432186,NSE,STK
INFO EDGE INDIA LTD,NAUKRI,NAUKRI,INR,56985708,NSE,STK
INFOMEDIA PRESS LTD,INFOMEDIA,INFOMEDIA,INR,56985705,NSE,STK
INFOSYS LTD,INFY,INFY,INR,44652017,NSE,STK
INGERSOLL-RAND INDIA LTD,INGERRAND,INGERRAND,INR,56985719,NSE,STK
INNOVENTIVE INDUSTRIES LTD,INNOIND,INNOIND,INR,87981419,NSE,STK
INOX LEISURE LTD,INOXLEISU,INOXLEISUR,INR,56985725,NSE,STK
INOX WIND LTD,INOXWIND,INOXWIND,INR,189694867,NSE,STK
INSECTICIDES INDIA LTD,INSECTICI,INSECTICID,INR,56985735,NSE,STK
INTEGRA GARMENTS AND TEXTILE,INTEGRA,INTEGRA,INR,133424414,NSE,STK
INTELLECT DESIGN ARENA LTD,INTELLECT,INTELLECT,INR,172096099,NSE,STK
INTERNATIONAL PAPER APPM LTD,IPAPPM,IPAPPM,INR,56988324,NSE,STK
INTRASOFT TECHNOLOGIES LTD,ISFT,ISFT,INR,74100118,NSE,STK
INVENTURE GROWTH & SECURITIE,INVENTURE,INVENTURE,INR,92136002,NSE,STK
IOL CHEMICALS AND PHARMA LTD,IOLCP,IOLCP,INR,64684644,NSE,STK
IPCA LABORATORIES LIMITED,IPCALAB,IPCALAB,INR,73469324,NSE,STK
IRB INFRASTRUCTURE DEVELOPER,IRB,IRB,INR,56985795,NSE,STK
ISMT LTD,ISMTLTD,ISMTLTD,INR,56985825,NSE,STK
ITC LTD,ITC,ITC,INR,44652040,NSE,STK
ITD CEMENTATION INDIA LTD,ITDCEM,ITDCEM,INR,56985835,NSE,STK
ITI LIMITED,ITI,ITI,INR,56985845,NSE,STK
IVP LIMITED,IVP,IVP,INR,56985855,NSE,STK
IVRCL LTD,IVRCLINFR,IVRCLINFRA,INR,56985872,NSE,STK
IZMO LTD,IZMO,IZMO,INR,56983439,NSE,STK
J.B. CHEMICALS & PHARMA LTD,JBCHEPHAR,JBCHEPHARM,INR,56984142,NSE,STK
J.K. LAKSHMI CEMENT LIMITED,JKLAKSHMI,JKLAKSHMI,INR,70976074,NSE,STK
J.KUMAR INFRAPROJECTS LTD,JKIL,JKIL,INR,56984217,NSE,STK
JAGRAN PRAKASHAN LIMITED,JAGRAN,JAGRAN,INR,56984132,NSE,STK
JAGSONPAL PHARMACEUTICALS,JAGSNPHAR,JAGSNPHARM,INR,56984194,NSE,STK
JAI BALAJI INDUSTRIES LTD,JAIBALAJI,JAIBALAJI,INR,56984154,NSE,STK
JAI CORPORATION LTD,JAICORPLT,JAICORPLTD,INR,56984189,NSE,STK
JAIHIND PROJECTS LIMITED,JAIHINDPR,JAIHINDPRO,INR,64685580,NSE,STK
JAIN IRRIGATION SYSTEMS LTD,JISLJALEQ,JISLJALEQS,INR,80423707,NSE,STK
JAIN IRRIGATION SYSTEMS-DVR,JISLDVREQ,JISLDVREQS,INR,98293192,NSE,STK
JAIN STUDIOS LTD,JAINSTUDI,JAINSTUDIO,INR,56984241,NSE,STK
JAIPRAKASH ASSOCIATES LTD,JPASSOCIA,JPASSOCIAT,INR,56984254,NSE,STK
JAIPRAKASH POWER VENTURES LT,JPPOWER,JPPOWER,INR,56984199,NSE,STK
JAMMU & KASHMIR BANK LTD,JKBK,J&KBANK,INR,165711080,NSE,STK
JAMNA AUTO INDUSTRIES LTD,JAMNAAUTO,JAMNAAUTO,INR,64685390,NSE,STK
JAY BHARAT MARUTI LIMITED,JAYBARMAR,JAYBARMARU,INR,56984159,NSE,STK
JAYANT AGRO-ORGANICS LTD,JAYAGROGN,JAYAGROGN,INR,56984139,NSE,STK
JAYASWAL NECO INDUSTRIES LTD,JAYNECOIN,JAYNECOIND,INR,56984599,NSE,STK
JAYPEE INFRATECH LTD,JPINFRATE,JPINFRATEC,INR,75395092,NSE,STK
JAYSHREE TEA & INDUSTRIES,JAYSREETE,JAYSREETEA,INR,77882465,NSE,STK
JBF INDUSTRIES LIMITED,JBFIND,JBFIND,INR,56984149,NSE,STK
JBM AUTO LTD,JBMA,JBMA,INR,169605588,NSE,STK
JCT ELECTRONICS LIMITED,JCTEL,JCTEL,INR,56984166,NSE,STK
JENSON & NICHOLSON (INDIA),JENSONICO,JENSONICOL,INR,56984239,NSE,STK
JET AIRWAYS INDIA LTD,JETAIRWAY,JETAIRWAYS,INR,56984184,NSE,STK
JIK INDUSTRIES LTD,JIKIND,JIKIND,INR,56985005,NSE,STK
JINDAL COTEX LIMITED,JINDCOT,JINDCOT,INR,72432191,NSE,STK
JINDAL DRILLING & INDUS LTD,JINDRILL,JINDRILL,INR,56984169,NSE,STK
JINDAL PHOTO LIMITED,JINDALPHO,JINDALPHOT,INR,56984262,NSE,STK
JINDAL POLY FILMS LTD,JINDALPOL,JINDALPOLY,INR,56984178,NSE,STK
JINDAL POLY INVESTMENTS AND,JPIF,JPOLYINVST,INR,132396127,NSE,STK
JINDAL SAW LTD,JINDALSAW,JINDALSAW,INR,70865792,NSE,STK
JINDAL STAINLESS LTD,JSL,JSL,INR,56984183,NSE,STK
JINDAL STEEL & POWER LTD,JINDALSTE,JINDALSTEL,INR,56984268,NSE,STK
JINDAL WORLDWIDE LTD,JINDWORLD,JINDWORLD,INR,64685679,NSE,STK
JK CEMENT LTD,JKCEMENT,JKCEMENT,INR,56984211,NSE,STK
JK PAPER LTD,JKPAPER,JKPAPER,INR,56985463,NSE,STK
JK TYRE & INDUSTRIES LTD,JKTYRE,JKTYRE,INR,176784433,NSE,STK
JM FINANCIAL LTD,JMFINANCI,JMFINANCIL,INR,56984224,NSE,STK
JMC PROJECTS (INDIA) LIMITED,JMCPROJEC,JMCPROJECT,INR,56984229,NSE,STK
JMT AUTO LTD,JMTAUTOLT,JMTAUTOLTD,INR,198043246,NSE,STK
JOCIL LTD,JOCIL,JOCIL,INR,56984244,NSE,STK
JSW ENERGY LIMITED,JSWENERGY,JSWENERGY,INR,72432194,NSE,STK
JSW HOLDINGS LTD,JSWHL,JSWHL,INR,56989409,NSE,STK
JSW STEEL LIMITED,JSWSTEEL,JSWSTEEL,INR,56984274,NSE,STK
JUBILANT FOODWORKS LTD,JUBLFOOD,JUBLFOOD,INR,72513009,NSE,STK
JUBILANT INDUSTRIES LTD,JUBLINDS,JUBLINDS,INR,84013070,NSE,STK
JUBILANT LIFE SCIENCES LTD.,JUBILANT,JUBILANT,INR,56984251,NSE,STK
JULLUNDUR MOTOR AGENCY DELHI,JMA,JMA,INR,187014019,NSE,STK
JUST DIAL LTD,JUSTDIAL,JUSTDIAL,INR,128882870,NSE,STK
JVL AGRO INDUSTRIES LTD,JVLAGRO,JVLAGRO,INR,80770612,NSE,STK
JYOTHY LABORATORIES LTD,JYOTHYLAB,JYOTHYLAB,INR,56984280,NSE,STK
JYOTI STRUCTURES LIMITED,JYOTISTRU,JYOTISTRUC,INR,56984285,NSE,STK
KABRA EXTRUSIONS TECHNIK LTD,KABRAEXTR,KABRAEXTRU,INR,75259155,NSE,STK
KAJARIA CERAMICS LIMITED,KAJARIACE,KAJARIACER,INR,56985038,NSE,STK
KAKATIYA CEMENT SUGAR & IND,KAKATCEM,KAKATCEM,INR,56984965,NSE,STK
KALINDEE RAIL NIRMAN (ENGIN),KALINDEE,KALINDEE,INR,56985114,NSE,STK
KALPATARU POWER TRANSMISSION,KALPATPOW,KALPATPOWR,INR,78724762,NSE,STK
KALYANI FORGE LIMITED,KALYANIFR,KALYANIFRG,INR,56984999,NSE,STK
KALYANI INVESTMENT CO LTD,KICL,KICL,INR,82847289,NSE,STK
KALYANI STEELS LTD,KSL,KSL,INR,75371420,NSE,STK
KAMAT HOTELS (INDIA),KAMATHOTE,KAMATHOTEL,INR,56985014,NSE,STK
KAMDHENU ISPAT LTD,KIL,KIL,INR,56984944,NSE,STK
KANANI INDUSTRIES LTD,KANANIIND,KANANIIND,INR,115713792,NSE,STK
KANORIA CHEMICALS & INDS,KANORICHE,KANORICHEM,INR,56984960,NSE,STK
KANSAI NEROLAC PAINTS LTD,KANSAINER,KANSAINER,INR,188508214,NSE,STK
KARMA ENERGY LTD,KARMAENG,KARMAENG,INR,90306052,NSE,STK
KARNATAKA BANK LTD,KTKBANK,KTKBANK,INR,56984959,NSE,STK
KARUR VYSYA BANK LTD,KARURVYSY,KARURVYSYA,INR,56985162,NSE,STK
KARUTURI GLOBAL LTD,KGL,KGL,INR,56984949,NSE,STK
KAUSHALYA INFRASTRUCTURE DEV,KAUSHALYA,KAUSHALYA,INR,56985020,NSE,STK
KAVERI SEED CO LTD,KSCL,KSCL,INR,143038370,NSE,STK
KAVVERI TELECOM PRODUCTS LTD,KAVVERITE,KAVVERITEL,INR,56985152,NSE,STK
KCP LTD,KCP,KCP,INR,78607397,NSE,STK
KCP SUGAR & INDUSTRIES CORP,KCPSUGIND,KCPSUGIND,INR,56984975,NSE,STK
KEC INTERNATIONAL LTD,KEC,KEC,INR,82450873,NSE,STK
KEI INDUSTRIES LIMITED,KEI,KEI,INR,56984990,NSE,STK
KEMROCK INDUSTRIES & EXPORT,KEMROCK,KEMROCK,INR,75733132,NSE,STK
KERNEX MICROSYSTEMS (I) LTD,KERNEX,KERNEX,INR,56985062,NSE,STK
KESAR ENTERPRISES LIMITED,KESARENT,KESARENT,INR,56985143,NSE,STK
KESAR TERMINALS & INFRASTRUC,KTIL,KTIL,INR,75246596,NSE,STK
KESORAM INDUSTRIES LIMITED,KESORAMIN,KESORAMIND,INR,56985129,NSE,STK
KEWAL KIRAN CLOTHING LTD,KKCL,KKCL,INR,56984994,NSE,STK
KEYNOTE CORPORATE SERVICES,KEYCORPSE,KEYCORPSER,INR,56984977,NSE,STK
KHAITAN ELECTRICALS LTD,KHAITANEL,KHAITANELE,INR,56985017,NSE,STK
KHAITAN INDIA LIMITED,KHAITANLT,KHAITANLTD,INR,56985025,NSE,STK
KHANDWALA SECURITIES LTD,KHANDSE,KHANDSE,INR,56985011,NSE,STK
KILITCH DRUGS (INDIA) LTD,KILITCH,KILITCH,INR,64686027,NSE,STK
KIRI INDUSTRIES LIMITED,KIRIINDUS,KIRIINDUS,INR,56985028,NSE,STK
KIRLOSKAR BROTHERS LTD,KIRLOSBRO,KIRLOSBROS,INR,74580326,NSE,STK
KIRLOSKAR ELECTRIC CO LTD,KECL,KECL,INR,64686585,NSE,STK
KIRLOSKAR INDUSTRIES LTD,KIRLOSIND,KIRLOSIND,INR,76700017,NSE,STK
KIRLOSKAR OIL ENGINES LTD,KIRLOSENG,KIRLOSENG,INR,82394085,NSE,STK
KITEX GARMENTS LIMITED,KITEX,KITEX,INR,64686187,NSE,STK
KLG SYSTEL LIMITED,KLGSYSTEL,KLGSYSTEL,INR,56985055,NSE,STK
KM SUGAR MILLS LTD,KMSUGAR,KMSUGAR,INR,78526173,NSE,STK
KNR CONSTRUCTIONS LIMITED,KNRCON,KNRCON,INR,56985074,NSE,STK
KOHINOOR FOODS LIMITED,KOHINOOR,KOHINOOR,INR,56985000,NSE,STK
KOKUYO CAMLIN LIMITED,KOKUYOCML,KOKUYOCMLN,INR,56985288,NSE,STK
KOLTE-PATIL DEVELOPERS LTD,KOLTEPATI,KOLTEPATIL,INR,56985092,NSE,STK
KOPRAN LIMITED,KOPRAN,KOPRAN,INR,56985080,NSE,STK
KOTAK BANKING ETF,KOTAKBKET,KOTAKBKETF,INR,176565953,NSE,STK
KOTAK GOLD ETF,KOTAKGOLD,KOTAKGOLD,INR,190108660,NSE,STK
KOTAK MAHINDRA BANK LTD,KOTAKBANK,KOTAKBANK,INR,78743661,NSE,STK
KOTAK NIFTY 50,KOTAKNIFT,KOTAKNIFTY,INR,72664397,NSE,STK
KOTAK PSU BANK ETF,KOTAKPSUB,KOTAKPSUBK,INR,56985089,NSE,STK
KOTHARI PETROCHEMICALS LTD,KOTHARIPE,KOTHARIPET,INR,56985149,NSE,STK
KOTHARI PRODUCTS LTD,KOTHARIPR,KOTHARIPRO,INR,56985144,NSE,STK
KOTHARI SUGARS & CHEMICALS,KOTARISUG,KOTARISUG,INR,75733163,NSE,STK
KPIT TECHNOLOGIES LTD,KPIT,KPIT,INR,56985099,NSE,STK
KPR MILL LTD,KPRMILL,KPRMILL,INR,56985104,NSE,STK
KRBL LIMITED,KRBL,KRBL,INR,72526210,NSE,STK
KSB PUMPS LIMITED,KSBPUMPS,KSBPUMPS,INR,56985123,NSE,STK
KSK ENERGY VENTURES LIMITED,KSK,KSK,INR,56985132,NSE,STK
KSS LTD,KSERASERA,KSERASERA,INR,188508217,NSE,STK
KWALITY LTD,KWALITY,KWALITY,INR,70898795,NSE,STK
L&T FINANCE HOLDINGS LTD,LTFH,L&TFH,INR,92679222,NSE,STK
L.G. BALAKRISHNAN & BROS LTD,LGBBROSLT,LGBBROSLTD,INR,73388476,NSE,STK
LA OPALA RG LTD,LAOPALA,LAOPALA,INR,167929009,NSE,STK
LAKSHMI ENERGY & FOODS LTD,LAKSHMIEF,LAKSHMIEFL,INR,56983444,NSE,STK
LAKSHMI FINANCE & INDUSTRIAL,LFIC,LFIC,INR,190480647,NSE,STK
LAKSHMI MACHINE WORKS LTD,LAXMIMACH,LAXMIMACH,INR,56983463,NSE,STK
LAKSHMI PRECISION SCREWS,LAKPRE,LAKPRE,INR,56983451,NSE,STK
LAKSHMI VILAS BANK LTD,LAKSHVILA,LAKSHVILAS,INR,56983492,NSE,STK
LAMBODHARA TEXTILE LIMITED,LAMBODHAR,LAMBODHARA,INR,64686657,NSE,STK
LANCO INFRATECH LTD,LITL,LITL,INR,71431727,NSE,STK
LANDMARK PROPERTY DEV CO LTD,LPDC,LPDC,INR,56983481,NSE,STK
LARSEN & TOUBRO LIMITED,LT,LT,INR,44652051,NSE,STK
LGB FORGE LTD,LGBFORGE,LGBFORGE,INR,75733186,NSE,STK
LIBERTY SHOES LIMITED,LIBERTSHO,LIBERTSHOE,INR,56983413,NSE,STK
LIC HOUSING FINANCE LTD,LICHSGFIN,LICHSGFIN,INR,82450876,NSE,STK
LIC NOMURA G-SEC LONG T ETF,LICNMFET,LICNMFET,INR,179063358,NSE,STK
LINC PEN & PLASTICS LTD,LINCPEN,LINCPEN,INR,64686567,NSE,STK
LINDE INDIA LTD,LINDEINDI,LINDEINDIA,INR,56985750,NSE,STK
LLOYD ELECTRIC & ENGINEERING,LLOYDELEN,LLOYDELENG,INR,56983423,NSE,STK
LML LIMITED,LML,LML,INR,56983458,NSE,STK
LOKESH MACHINES LTD,LOKESHMAC,LOKESHMACH,INR,56983469,NSE,STK
LOTUS EYE CARE HOSPITAL LTD,LOTUSEYE,LOTUSEYE,INR,75733083,NSE,STK
LOVABLE LINGERIE LTD,LOVABLE,LOVABLE,INR,86139229,NSE,STK
LT FOODS LTD,DAAWAT,DAAWAT,INR,56983484,NSE,STK
LUMAX AUTO TECHNOLOGIES LTD,LUMAXTECH,LUMAXTECH,INR,56983454,NSE,STK
LUMAX AUTOMOTIVE SYSTEMS LTD,LUMAXAUTO,LUMAXAUTO,INR,56983406,NSE,STK
LUMAX INDUSTRIES LIMITED,LUMAXIND,LUMAXIND,INR,56983489,NSE,STK
LUPIN LTD,LUPIN,LUPIN,INR,78429379,NSE,STK
LYCOS INTERNET LTD,LYCOS,LYCOS,INR,110499148,NSE,STK
LYKA LABS LIMITED,LYKALABS,LYKALABS,INR,56983504,NSE,STK
LYPSA GEMS & JEWELLERY LTD,LYPSAGEMS,LYPSAGEMS,INR,110103477,NSE,STK
M.M. FORGINGS LTD,MMFL,MMFL,INR,56987302,NSE,STK
MAAN ALUMINIUM LTD,MAANALU,MAANALU,INR,56987120,NSE,STK
MADHAV GRANITE & REALTY LTD,MADHAV,MADHAV,INR,75733166,NSE,STK
MADHUCON PROJECTS LIMITED,MADHUCON,MADHUCON,INR,70128944,NSE,STK
MADRAS FERTILIZERS LTD,MADRASFER,MADRASFERT,INR,56987182,NSE,STK
MAGMA FINCORP LTD,MAGMA,MAGMA,INR,77882468,NSE,STK
MAGNUM VENTURES LIMITED,MAGNUM1,MAGNUM,INR,56986770,NSE,STK
MAHANAGAR TELEPHONE NIGAM,MTNL,MTNL,INR,44652190,NSE,STK
MAHARASHTRA SCOOTERS LTD,MAHSCOOTE,MAHSCOOTER,INR,56987252,NSE,STK
MAHARASHTRA SEAMLESS LTD,MAHSEAMLE,MAHSEAMLES,INR,56987249,NSE,STK
MAHINDRA & MAHINDRA FIN SECS,MMFS,M&MFIN,INR,122139383,NSE,STK
MAHINDRA & MAHINDRA LIMITED,MM,M&M,INR,73894413,NSE,STK
MAHINDRA CIE AUTOMOTIVE LTD,MAHINDCIE,MAHINDCIE,INR,56987207,NSE,STK
MAHINDRA HOLIDAYS & RESORTS,MHRIL,MHRIL,INR,64847576,NSE,STK
MAHINDRA LIFESPACE DEVELOPER,MAHLIFE,MAHLIFE,INR,56987299,NSE,STK
MAITHAN ALLOYS LTD,MAITHANAL,MAITHANALL,INR,64688067,NSE,STK
MALU PAPER MILLS LIMITED,MALUPAPER,MALUPAPER,INR,56987118,NSE,STK
MALWA COTTON SPINNING MILLS,MALWACOTT,MALWACOTT,INR,56987179,NSE,STK
MAN INDUSTRIES (INDIA) LTD,MANINDS,MANINDS,INR,56987125,NSE,STK
MAN INFRACONSTRUCTION LTD,MANINFRA,MANINFRA,INR,165118830,NSE,STK
MANAKSIA ALUMINIUM CO LTD,MANAKALUC,MANAKALUCO,INR,188952124,NSE,STK
MANAKSIA COATED METALS & IND,MANAKCOAT,MANAKCOAT,INR,188952129,NSE,STK
MANAKSIA INDUSTRIES LTD,MANAKINDS,MANAKINDST,INR,188952132,NSE,STK
MANAKSIA LIMITED,MANAKSIA,MANAKSIA,INR,56987130,NSE,STK
MANAKSIA STEELS LTD,MANAKSTEE,MANAKSTEEL,INR,188952139,NSE,STK
MANALI PETROCHEMICALS LTD,MANALIPET,MANALIPETC,INR,56987325,NSE,STK
MANAPPURAM FINANCE LTD,MANAPPURA,MANAPPURAM,INR,74960455,NSE,STK
MANDHANA INDUSTRIES LTD,MANDHANA,MANDHANA,INR,75373382,NSE,STK
MANGALAM CEMENT LIMITED,MANGLMCEM,MANGLMCEM,INR,56987225,NSE,STK
MANGALAM DRUGS AND ORGANICS,MANGALAM,MANGALAM,INR,56987189,NSE,STK
MANGALAM TIMBER PRODUCTS LTD,MANGTIMBE,MANGTIMBER,INR,56987247,NSE,STK
MANGALORE CHEMICALS & FERT,MANGCHEFE,MANGCHEFER,INR,56987159,NSE,STK
MANGALORE REFINERY & PETRO,MRPL,MRPL,INR,56987368,NSE,STK
MANPASAND BEVERAGES LTD,MANPASAND,MANPASAND,INR,199442978,NSE,STK
MANUGRAPH INDIA LTD,MANUGRAPH,MANUGRAPH,INR,56987259,NSE,STK
MARAL OVERSEAS LIMITED,MARALOVER,MARALOVER,INR,56987314,NSE,STK
MARICO LIMITED,MARICO,MARICO,INR,56987333,NSE,STK
MARKSANS PHARMA LIMITED,MARKSANS,MARKSANS,INR,56987343,NSE,STK
MARUTI SUZUKI INDIA LTD,MARUTI,MARUTI,INR,44652108,NSE,STK
MASTEK LIMITED,MASTEK,MASTEK,INR,56987135,NSE,STK
MAWANA SUGARS LTD,MAWANASUG,MAWANASUG,INR,75733248,NSE,STK
MAX INDIA LIMITED,MAX,MAX,INR,56987139,NSE,STK
MAXWELL INDUSTRIES LTD,MAXWELL,MAXWELL,INR,56987807,NSE,STK
MAYUR UNIQUOTERS LTD,MAYURUNIQ,MAYURUNIQ,INR,135333411,NSE,STK
MBL INFRASTRUCTURES LIMITED,MBLINFRA,MBLINFRA,INR,72178258,NSE,STK
MCDOWELL HOLDINGS LTD,MCDHOLDIN,MCDHOLDING,INR,75733278,NSE,STK
MCLEOD RUSSEL INDIA LIMITED,MCLEODRUS,MCLEODRUSS,INR,56987165,NSE,STK
MCNALLY BHARAT ENGINEERING,MBECL,MBECL,INR,56987172,NSE,STK
MEGASOFT LTD,MEGASOFT,MEGASOFT,INR,56987242,NSE,STK
MEGHMANI ORGANICS LTD,MEGH,MEGH,INR,56987202,NSE,STK
MELSTAR INFORMATION TECH LTD,MELSTAR,MELSTAR,INR,56987280,NSE,STK
MENON BEARINGS LTD,MENONBE,MENONBE,INR,189692920,NSE,STK
MEP INFRASTRUCTURE DVLPRS LT,MEP,MEP,INR,193482451,NSE,STK
MERCATOR LTD,MERCATOR,MERCATOR,INR,56987355,NSE,STK
MERCK LTD,MERCK,MERCK,INR,56984370,NSE,STK
METALYST FORGINGS LTD,METALFORG,METALFORGE,INR,56988198,NSE,STK
METKORE ALLOYS INDUSTRIES LT,METKORE,METKORE,INR,97056343,NSE,STK
MIC ELECTRONICS LIMITED,MIC,MIC,INR,56987262,NSE,STK
MICROSEC FINANCIAL SERVICES,MICROSEC,MICROSEC,INR,79711708,NSE,STK
MINDA CORP LTD,MINDACORP,MINDACORP,INR,178823720,NSE,STK
MINDA INDUSTRIES LTD,MINDAIND,MINDAIND,INR,56987308,NSE,STK
MINDTREE LIMITED,MINDTREE,MINDTREE,INR,56987628,NSE,STK
MIRC ELECTRONICS LIMITED,MIRCELECT,MIRCELECTR,INR,56987275,NSE,STK
MIRZA INTERNATIONAL LTD,MIRZAINT,MIRZAINT,INR,75733113,NSE,STK
MITCON CONSULTANCY & ENGINEE,MITCON,MITCON_SM,INR,137736522,NSE,STK
MMTC LTD,MMTC,MMTC,INR,77606383,NSE,STK
MOHIT INDUSTRIES LTD,MOHITIND,MOHITIND,INR,64687937,NSE,STK
MOIL LTD,MOIL,MOIL,INR,81828496,NSE,STK
MOLD-TEK PACKAGING LTD,MOLDTKPAC,MOLDTKPAC,INR,64688059,NSE,STK
MOMAI APPARELS LTD,MOMAI,MOMAI_SM,INR,170362549,NSE,STK
MONNET ISPAT & ENERGY LTD,MONNETISP,MONNETISPA,INR,56987278,NSE,STK
MONSANTO INDIA LIMITED,MONSANTO,MONSANTO,INR,56987160,NSE,STK
MONTE CARLO FASHIONS LTD,MONTECARL,MONTECARLO,INR,177391468,NSE,STK
MORARJEE TEXTILES LTD,MORARJEE,MORARJEE,INR,113480477,NSE,STK
MOREPEN LABORATORIES LTD,MOREPENLA,MOREPENLAB,INR,56987320,NSE,STK
MOSER BAER INDIA LTD,MOSERBAER,MOSERBAER,INR,56987145,NSE,STK
MOTHERSON SUMI SYSTEMS LTD,MOTHERSUM,MOTHERSUMI,INR,56987580,NSE,STK
MOTILAL OSWAL FINANCIAL SERV,MOTILALOF,MOTILALOFS,INR,56987319,NSE,STK
MOTILAL OSWAL MIDCAP 100,M100,M100,INR,83762518,NSE,STK
MOTILAL OSWAL MOST SHARES 50,M50,M50,INR,170275886,NSE,STK
MOTILAL OSWAL MOST-NASDA-100,N100,N100,INR,86356146,NSE,STK
MOTOR & GENERAL FINANCE LTD,MOTOGENFI,MOTOGENFIN,INR,56987232,NSE,STK
MPHASIS LIMITED,MPHASIS,MPHASIS,INR,56987328,NSE,STK
MPS LTD,MPSLTD,MPSLTD,INR,56987169,NSE,STK
MRF LIMITED,MRF,MRF,INR,56987338,NSE,STK
MRO-TEK LTD,MRO-TEK,MRO-TEK,INR,56987358,NSE,STK
MSP STEEL & POWER LTD,MSPL,MSPL,INR,56987535,NSE,STK
MT EDUCARE LTD,MTEDUCARE,MTEDUCARE,INR,105759563,NSE,STK
MUKAND ENGINEERS LIMITED,MUKANDENG,MUKANDENGG,INR,56987290,NSE,STK
MUKAND LIMITED,MUKANDLTD,MUKANDLTD,INR,56987694,NSE,STK
MUKTA ARTS LTD,MUKTAARTS,MUKTAARTS,INR,56987295,NSE,STK
MULTI COMMODITY EXCH INDIA,MCX,MCX,INR,103853702,NSE,STK
MUNJAL AUTO INDUSTRIES LTD,MUNJALAU,MUNJALAU,INR,99769535,NSE,STK
MUNJAL SHOWA LIMITED,MUNJALSHO,MUNJALSHOW,INR,56987285,NSE,STK
MURLI INDUSTRIES LIMITED,MURLIIND,MURLIIND,INR,73427382,NSE,STK
MURUDESHWAR CERAMICS LTD.,MURUDCERA,MURUDCERA,INR,56987154,NSE,STK
MUTHOOT FINANCE LTD,MUTHOOTFI,MUTHOOTFIN,INR,87790418,NSE,STK
MVL LIMITED,MVL,MVL,INR,80935023,NSE,STK
NAGARJUNA OIL REFINERY LTD,NAGAROIL,NAGAROIL,INR,93781868,NSE,STK
NAGREEKA CAPITAL & INFRASTRU,NAGREEKCA,NAGREEKCAP,INR,56984544,NSE,STK
NAGREEKA EXPORTS LIMITED,NAGREEKEX,NAGREEKEXP,INR,56984600,NSE,STK
NAHAR CAPITAL AND FIN SVCS,NAHARCAP,NAHARCAP,INR,56984540,NSE,STK
NAHAR INDUSTRIAL ENTERPRISES,NAHARINDU,NAHARINDUS,INR,56983685,NSE,STK
NAHAR POLY FILMS LTD,NAHARPOLY,NAHARPOLY,INR,56984668,NSE,STK
NAHAR SPINNING MILLS LTD,NAHARSPIN,NAHARSPING,INR,56984689,NSE,STK
NAKODA LTD,NAKODA,NAKODA,INR,72080216,NSE,STK
NALWA SONS INVESTMENTS LTD,NSIL,NSIL,INR,56984622,NSE,STK
NANDAN DENIM LTD,NDL,NDL,INR,103837976,NSE,STK
NATCO PHARMA LIMITED,NATCOPHAR,NATCOPHARM,INR,56984708,NSE,STK
NATH BIO-GENES LTD,NATHBIOGE,NATHBIOGEN,INR,143212166,NSE,STK
NATIONAL ALUMINIUM CO LTD,NATIONALU,NATIONALUM,INR,85433002,NSE,STK
NATIONAL BUILDINGS CONSTRUCT,NBCC,NBCC,INR,105759522,NSE,STK
NATIONAL FERTILIZERS LTD,NFL,NFL,INR,56984588,NSE,STK
NATIONAL STEEL & AGRO INDUST,NATNLSTEE,NATNLSTEEL,INR,56984718,NSE,STK
NAVA BHARAT VENTURES LIMITED,NBVENTURE,NBVENTURES,INR,56984534,NSE,STK
NAVIN FLUORINE INTERNATIONAL,NAVINFLUO,NAVINFLUOR,INR,56984585,NSE,STK
NAVNEET EDUCATION LTD,NAVNETEDU,NAVNETEDUL,INR,56984672,NSE,STK
NCC LTD,NCC,NCC,INR,56984639,NSE,STK
NCL INDUSTRIES LIMITED,NCLIND,NCLIND,INR,56984549,NSE,STK
NECTAR LIFESCIENCES LTD,NECLIFE,NECLIFE,INR,56984648,NSE,STK
NELCAST LTD,NELCAST,NELCAST,INR,93977929,NSE,STK
NELCO LIMITED,NELCO,NELCO,INR,72140907,NSE,STK
NEPC INDIA LIMITED,NEPCMICON,NEPCMICON,INR,56984574,NSE,STK
NESCO LTD,NESCO,NESCO,INR,56984687,NSE,STK
NESTLE INDIA LIMITED,NESTLEIND,NESTLEIND,INR,64687316,NSE,STK
NET 4 INDIA LTD,NET4,NET4,INR,64687657,NSE,STK
NETWORK 18 MEDIA & INVTS LTD,NETWORK18,NETWORK18,INR,56984579,NSE,STK
NEULAND LABORATORIES LIMITED,NEULANDLA,NEULANDLAB,INR,56984647,NSE,STK
NEW DELHI TELEVISION LTD,NDTV,NDTV,INR,56984561,NSE,STK
NEXT MEDIAWORKS LTD,NEXTMEDIA,NEXTMEDIA,INR,56987265,NSE,STK
NEYVELI LIGNITE CORPORATION,NEYVELILI,NEYVELILIG,INR,56984642,NSE,STK
NHPC LTD,NHPC,NHPC,INR,68324175,NSE,STK
NICCO CORPORATION LIMITED,NICCO,NICCO,INR,56984609,NSE,STK
NIIT LIMITED,NIITLTD,NIITLTD,INR,56984612,NSE,STK
NIIT TECHNOLOGIES LTD,NIITTECH,NIITTECH,INR,56984634,NSE,STK
NILA INFRASTRUCTURE LTD,NILAINFRA,NILAINFRA,INR,64687068,NSE,STK
NILKAMAL LIMITED,NILKAMAL,NILKAMAL,INR,56984619,NSE,STK
NIRVIKARA PAPER MILLS LTD,NIRVIKARA,NIRVIKARA,INR,190108720,NSE,STK
NISSAN COPPER LTD,NCOPPER,NCOPPER,INR,95896184,NSE,STK
NITCO LTD,NITCO,NITCO,INR,56984629,NSE,STK
NITESH ESTATES LTD,NITESHEST,NITESHEST,INR,75245567,NSE,STK
NITIN FIRE PROTECTION INDS,NITINFIRE,NITINFIRE,INR,80616074,NSE,STK
NITIN SPINNERS LTD,NITINSPIN,NITINSPIN,INR,56984699,NSE,STK
NMDC LIMITED,NMDC,NMDC,INR,56984653,NSE,STK
NOCIL LIMITED,NOCIL,NOCIL,INR,56984659,NSE,STK
NOESIS INDUSTRIES LTD,NOESISIND,NOESISIND,INR,198232492,NSE,STK
NOIDA TOLL BRIDGE CO LTD,NOIDATOLL,NOIDATOLL,INR,56984705,NSE,STK
NORBEN TEA & EXPORTS,NORBTEAEX,NORBTEAEXP,INR,56984720,NSE,STK
NORTHGATE COM TECH LTD,NGCT,NGCT,INR,138171450,NSE,STK
NRB BEARINGS LIMITED,NRBBEARIN,NRBBEARING,INR,56984682,NSE,STK
NRB INDUSTRIAL BEARINGS LTD,NIBL,NIBL,INR,125542995,NSE,STK
NTPC LIMITED,NTPC,NTPC,INR,49982069,NSE,STK
NU TEK INDIA LIMITED,NUTEK,NUTEK,INR,71336878,NSE,STK
NUCLEUS SOFTWARE EXPORTS LTD,NUCLEUS,NUCLEUS,INR,56984554,NSE,STK
OBEROI REALTY LTD,OBEROIRLT,OBEROIRLTY,INR,80268159,NSE,STK
OCL INDIA LIMITED,OCL,OCL,INR,56983674,NSE,STK
OCL IRON AND STEEL LTD,OISL,OISL,INR,56983634,NSE,STK
OIL & NATURAL GAS CORP LTD,ONGC,ONGC,INR,83845926,NSE,STK
OIL COUNTRY TUBULAR LIMITED,OILCOUNTU,OILCOUNTUB,INR,56983628,NSE,STK
OIL INDIA LTD,OIL,OIL,INR,69422667,NSE,STK
OM METALS INFRAPROJECTS LTD,OMMETALS,OMMETALS,INR,64687287,NSE,STK
OMAX AUTOS LIMITED,OMAXAUTO,OMAXAUTO,INR,56983639,NSE,STK
OMAXE LIMITED,OMAXE,OMAXE,INR,56983611,NSE,STK
OMKAR SPECIALITY CHEMICALS L,OMKARCHEM,OMKARCHEM,INR,83937229,NSE,STK
OMNITECH INFOSOLUTIONS LTD,OMNITECH,OMNITECH,INR,56983640,NSE,STK
ONELIFE CAPITAL ADVISORS LTD,ONELIFECA,ONELIFECAP,INR,95920654,NSE,STK
ONMOBILE GLOBAL LIMITED,ONMOBILE,ONMOBILE,INR,56983645,NSE,STK
ONWARD TECHNOLOGIES LTD,ONWARDTEC,ONWARDTEC,INR,56983649,NSE,STK
OPAL LUXURY TIME PRODUCTS LT,OPAL,OPAL_SM,INR,125686057,NSE,STK
OPTO CIRCUITS INDIA LTD,OPTOCIRCU,OPTOCIRCUI,INR,56983662,NSE,STK
ORACLE FINANCIAL SERVICES,OFSS,OFSS,INR,56983625,NSE,STK
ORBIT CORPORATION LTD,ORBITCORP,ORBITCORP,INR,56983664,NSE,STK
ORBIT EXPORTS LIMITED,ORBTEXP,ORBTEXP,INR,64687065,NSE,STK
ORCHID CHEMICALS & PHARMA,ORCHIDCHE,ORCHIDCHEM,INR,56983619,NSE,STK
ORICON ENTERPRISES LTD,ORICONENT,ORICONENT,INR,90825447,NSE,STK
ORIENT ABRASIVES LIMITED,ORIENTABR,ORIENTABRA,INR,56983601,NSE,STK
ORIENT BELL LTD,ORIENTBEL,ORIENTBELL,INR,56983669,NSE,STK
ORIENT CEMENT LTD,ORIENTCEM,ORIENTCEM,INR,123772482,NSE,STK
ORIENT GREEN POWER CO LTD,GREENPOWE,GREENPOWER,INR,79773542,NSE,STK
ORIENT PAPER & INDUSTRIES,ORIENTPPR,ORIENTPPR,INR,56983659,NSE,STK
ORIENT PRESS LTD,ORIENTLTD,ORIENTLTD,INR,73168813,NSE,STK
ORIENT REFRACTORIES LTD,ORIENTREF,ORIENTREF,INR,103838436,NSE,STK
ORIENTAL BANK OF COMMERCE,ORIENTBAN,ORIENTBANK,INR,56983614,NSE,STK
ORIENTAL HOTELS LTD,ORIENTHOT,ORIENTHOT,INR,80808296,NSE,STK
ORIENTAL TRIMEX LTD,ORIENTALT,ORIENTALTL,INR,56983680,NSE,STK
ORISSA MINERALS DEVELOPMENT,ORISSAMIN,ORISSAMINE,INR,115678573,NSE,STK
ORTEL COMMUNICATIONS LTD,ORTEL,ORTEL,INR,187397551,NSE,STK
OSWAL CHEMICALS & FERTILIZER,BINDALAGR,BINDALAGRO,INR,56988004,NSE,STK
OUDH SUGAR MILLS LTD,OUDHSUG,OUDHSUG,INR,75733027,NSE,STK
PAE LTD,PAEL,PAEL,INR,56986685,NSE,STK
PAGE INDUSTRIES LTD,PAGEIND,PAGEIND,INR,56986688,NSE,STK
PAN INDIA CORPORATION LTD,SRGINFOTE,SRGINFOTEC,INR,56986761,NSE,STK
PANACEA BIOTEC LIMITED,PANACEABI,PANACEABIO,INR,56986975,NSE,STK
PANAMA PETROCHEM LTD,PANAMAPET,PANAMAPET,INR,166851655,NSE,STK
PANORAMIC UNIVERSAL LTD,PANORAMUN,PANORAMUNI,INR,56987045,NSE,STK
PANTALOONS FASHIONS AND RETA,PFRL,PFRL,INR,125839516,NSE,STK
PARABOLIC DRUGS LTD,PARABDRUG,PARABDRUGS,INR,76882190,NSE,STK
PARAMOUNT COMMUNICATION LTD,PARACABLE,PARACABLES,INR,56987030,NSE,STK
PARAMOUNT PRINTPACKAGING LTD,PARAPRINT,PARAPRINT,INR,87874712,NSE,STK
PARAS PETROFILS LTD,PARASPETR,PARASPETRO,INR,78526168,NSE,STK
PARENTERAL DRUGS INDIA LTD,PDPL,PDPL,INR,64688076,NSE,STK
PARRYS SUGAR INDUSTRIES LTD.,PARRYSUGA,PARRYSUGAR,INR,56986267,NSE,STK
PARSVNATH DEVELOPERS LTD,PARSVNATH,PARSVNATH,INR,79938318,NSE,STK
PATEL ENGINEERING LTD,PATELENG,PATELENG,INR,56986718,NSE,STK
PATEL INTERGRATED LOGISTICS,PATINTLOG,PATINTLOG,INR,56987078,NSE,STK
PATSPIN INDIA LIMITED,PATSPINLT,PATSPINLTD,INR,56987090,NSE,STK
PBA INFRASTRUCTURE LTD,PBAINFRA,PBAINFRA,INR,56986703,NSE,STK
PC JEWELLER LTD,PCJEWELLE,PCJEWELLER,INR,119653211,NSE,STK
PDS MULTINATIONAL FASHIONS L,PDSMFL,PDSMFL,INR,171312784,NSE,STK
PEACOCK INDUSTRIES LTD,PILIND,PILIND,INR,135889364,NSE,STK
PEARL GLOBAL INDUSTRIES LTD,PGIL,PGIL,INR,56983924,NSE,STK
PEARL POLYMERS LIMITED,PEARLPOLY,PEARLPOLY,INR,56987027,NSE,STK
PENINSULA LAND LIMITED,PENINLAND,PENINLAND,INR,56986722,NSE,STK
PENNAR INDUSTRIES LTD,PENIND,PENIND,INR,64688222,NSE,STK
PERSISTENT SYSTEMS LTD,PERSISTEN,PERSISTENT,INR,74018573,NSE,STK
PETRON ENGINEERING CONST LTD,PETRONENG,PETRONENGG,INR,56987075,NSE,STK
PETRONET LNG LTD,PETRONET,PETRONET,INR,56986960,NSE,STK
PFIZER LIMITED,PFIZER,PFIZER,INR,56986739,NSE,STK
PG ELECTROPLAST LTD,PGEL,PGEL,INR,95168535,NSE,STK
PHILLIPS CARBON BLACK LTD,PHILIPCAR,PHILIPCARB,INR,56986755,NSE,STK
PHOENIX LAMPS LTD,PHOENIXLL,PHOENIXLL,INR,56986948,NSE,STK
PHOENIX MILLS LIMITED,PHOENIXLT,PHOENIXLTD,INR,56986758,NSE,STK
PI INDUSTRIES LTD,PIIND,PIIND,INR,125590703,NSE,STK
PIDILITE INDUSTRIES LTD,PIDILITIN,PIDILITIND,INR,56986764,NSE,STK
PIONEER DISTILLERIES LTD,PIONDIST,PIONDIST,INR,64688544,NSE,STK
PIONEER EMBROIDERIES LTD,PIONEEREM,PIONEEREMB,INR,56986979,NSE,STK
PIPAVAV DEFENCE & OFFSHORE E,PIPAVAVDO,PIPAVAVDOC,INR,71556544,NSE,STK
PIRAMAL ENTERPRISES LTD,PEL,PEL,INR,56986920,NSE,STK
PIRAMAL PHYTOCARE LTD,PIRPHYTO,PIRPHYTO,INR,56986970,NSE,STK
PITTI LAMINATIONS LTD,PITTILAM,PITTILAM,INR,190197640,NSE,STK
PLASTIBLENDS INDIA LTD,PLASTIBLE,PLASTIBLEN,INR,103357254,NSE,STK
PLETHICO PHARMACEUTICALS LTD,PLETHICO,PLETHICO,INR,56986955,NSE,STK
PNB GILTS LTD,PNBGILTS,PNBGILTS,INR,56986748,NSE,STK
PNC INFRATECH LTD,PNCINFRA,PNCINFRA,INR,195552847,NSE,STK
POCHIRAJU INDUSTRIES LTD,POCHIRAJU,POCHIRAJU,INR,56986934,NSE,STK
POLAR INDUSTRIES LIMITED,POLARIND,POLARIND,INR,56986958,NSE,STK
POLARIS CONSULTING & SERVICE,POLARIS,POLARIS,INR,56986982,NSE,STK
POLY MEDICURE LTD,POLYMED,POLYMED,INR,182024363,NSE,STK
POLYPLEX CORPORATION LTD,POLYPLEX,POLYPLEX,INR,56986999,NSE,STK
PONNI SUGARS ERODE LTD,PONNIEROD,PONNIERODE,INR,56987055,NSE,STK
POWER FINANCE CORPORATION,PFC,PFC,INR,56986985,NSE,STK
POWER GRID CORP. OF INDIA LTD.,POWERGRID,POWERGRID,INR,50486118,NSE,STK
PPAP AUTOMOTIVE LTD,PPAP,PPAP,INR,56986994,NSE,STK
PRADIP OVERSEAS LTD,PRADIP,PRADIP,INR,73966593,NSE,STK
PRAJ INDUSTRIES LIMITED,PRAJIND,PRAJIND,INR,56987021,NSE,STK
PRAJAY ENGINEERS SYNDICATE,PRAENG,PRAENG,INR,56986728,NSE,STK
PRAKASH CONSTROWELL LTD,PRAKASHCO,PRAKASHCON,INR,118765238,NSE,STK
PRAKASH INDUSTRIES LIMITED,PRAKASH,PRAKASH,INR,56986940,NSE,STK
PRAKASH STEELAGE LTD,PRAKASHST,PRAKASHSTL,INR,78384262,NSE,STK
PRATIBHA INDUSTRIES LTD,PRATIBHA,PRATIBHA,INR,77606368,NSE,STK
PRECISION WIRES INDIA LTD,PRECWIRE,PRECWIRE,INR,56987115,NSE,STK
PRECOT MERIDIAN LTD,PRECOT,PRECOT,INR,80664987,NSE,STK
PREMIER LIMITED,PREMIER,PREMIER,INR,56987000,NSE,STK
PREMIER POLYFILM LTD,PREMIERPO,PREMIERPOL,INR,112722674,NSE,STK
PRESSMAN ADVERTISING LTD,PRESSMN,PRESSMN,INR,56984537,NSE,STK
PRESTIGE ESTATES PROJECTS,PRESTIGE,PRESTIGE,INR,80409127,NSE,STK
PRICOL LIMITED,PRICOL,PRICOL,INR,56987005,NSE,STK
PRIME FOCUS LTD,PFOCUS,PFOCUS,INR,80443088,NSE,STK
PRIME SECURITIES LIMITED,PRIMESECU,PRIMESECU,INR,56987050,NSE,STK
PRISM CEMENT LIMITED,PRISMCEM,PRISMCEM,INR,56987036,NSE,STK
PRITISH NANDY COMMUNICATIONS,PNC,PNC,INR,56987040,NSE,STK
PROCTER & GAMBLE HYGIENE,PGHH,PGHH,INR,56986742,NSE,STK
PROVOGUE (INDIA) LTD,PROVOGE,PROVOGE,INR,105020964,NSE,STK
PROZONE INTU PROPERTIES LTD,PROZONE,PROZONINTU,INR,103798449,NSE,STK
PSL LTD,PSL,PSL,INR,56987057,NSE,STK
PTC INDIA FINANCIAL SERVICES,PFS,PFS,INR,86273107,NSE,STK
PTC INDIA LTD,PTC,PTC,INR,56987070,NSE,STK
PTL ENTERPRISES LIMITED,PTL,PTL,INR,56987084,NSE,STK
PUDUMJEE INDUSTRIES LIMITED,PDUMJEIND,PDUMJEIND,INR,56986715,NSE,STK
PUDUMJEE PULP & PAPER MILLS,PDUMJEPUL,PDUMJEPULP,INR,58952962,NSE,STK
PUNJ LLOYD LIMITED,PUNJLLOYD,PUNJLLOYD,INR,56987096,NSE,STK
PUNJAB & SIND BANK,PSB,PSB,INR,82450884,NSE,STK
PUNJAB CHEMICALS & CROP PROT,PUNJABCHE,PUNJABCHEM,INR,56986708,NSE,STK
PUNJAB NATIONAL BANK,PNB,PNB,INR,176235422,NSE,STK
PURAVANKARA PROJECTS LTD,PURVA,PURVA,INR,56987101,NSE,STK
PVP VENTURES LTD,PVP,PVP,INR,56987105,NSE,STK
PVR LTD,PVR,PVR,INR,56987108,NSE,STK
QUANTUM GOLD FUND,QGOLDHALF,QGOLDHALF,INR,56983252,NSE,STK
QUANTUM INDEX FUND,QNIFTY,QNIFTY,INR,56983247,NSE,STK
QUINTEGRA SOLUTIONS LTD,QUINTEGRA,QUINTEGRA,INR,56983249,NSE,STK
R SYSTEMS INTERNATIONAL LTD,RSYSTEMS,RSYSTEMS,INR,144042132,NSE,STK
R* SHARES BANKING ETF,RELBANK,RELBANK,INR,56984765,NSE,STK
R* SHARES GOLD ETF,RELGOLD,RELGOLD,INR,56984798,NSE,STK
R*SHARES CNX 100 ETF,RELCNX100,RELCNX100,INR,125091635,NSE,STK
R*SHARES CONSUMPTION ETF,RELCONS,RELCONS,INR,148497882,NSE,STK
R*SHARES DIVIDEND OPP ETF,RELDIVOPP,RELDIVOPP,INR,149638965,NSE,STK
R*SHARES NIFTY ETF,RELNIFTY,RELNIFTY,INR,139357212,NSE,STK
R*SHARES NV20 ETF,RELNV20,RELNV20,INR,198158175,NSE,STK
R.P.P. INFRA PROJECTS LTD,RPPINFRA,RPPINFRA,INR,81608724,NSE,STK
R.S. SOFTWARE (INDIA),RSST,RSSOFTWARE,INR,180114435,NSE,STK
RADAAN MEDIAWORKS INDIA LTD,RADAAN,RADAAN,INR,56984857,NSE,STK
RADHA MADHAV CORPORATION LTD,RMCL,RMCL,INR,56984845,NSE,STK
RADICO KHAITAN LTD,RADICO,RADICO,INR,56984785,NSE,STK
RAIN INDUSTRIES LTD,RAIN,RAIN,INR,89519965,NSE,STK
RAINBOW PAPERS LTD,RAINBOWPA,RAINBOWPAP,INR,77849463,NSE,STK
RAISAHEB REKHCHAND MOHOTA,RAIREKMOH,RAIREKMOH,INR,76142609,NSE,STK
RAJ OIL MILLS LIMITED,RAJOIL,RAJOIL,INR,67426868,NSE,STK
RAJ RAYON INDUSTRIES LTD,RAJRAYON,RAJRAYON,INR,123485661,NSE,STK
RAJ TELEVISION NETWORK LTD,RAJTV,RAJTV,INR,146552236,NSE,STK
RAJESH EXPORTS LIMITED,RAJESHEXP,RAJESHEXPO,INR,56984828,NSE,STK
RAJSHREE SUGARS & CHEMICALS,RAJSREESU,RAJSREESUG,INR,56984908,NSE,STK
RAJVIR INDUSTRIES LTD,RAJVIR,RAJVIR,INR,56984745,NSE,STK
RALLIS INDIA LTD,RALLIS,RALLIS,INR,90857628,NSE,STK
RAMCO CEMENTS LTD/THE,RAMCOCEM,RAMCOCEM,INR,56987148,NSE,STK
RAMCO INDUSTRIES LTD,RAMCOIND,RAMCOIND,INR,68504419,NSE,STK
RAMCO SYSTEMS LTD,RAMCOSYS,RAMCOSYS,INR,56984851,NSE,STK
RAMKRISHNA FORGINGS LTD,RKFORGE,RKFORGE,INR,56984860,NSE,STK
RAMKY INFRASTRUCTURE LTD,RAMKY,RAMKY,INR,79773545,NSE,STK
RAMSARUP INDUSTRIES LTD,RAMSARUP,RAMSARUP,INR,56984759,NSE,STK
RANA SUGARS LIMITED,RANASUG,RANASUG,INR,56984760,NSE,STK
RANE BRAKE LINING LTD,RBL,RBL,INR,56984735,NSE,STK
RANE ENGINE VALVES LTD,RANEENGIN,RANEENGINE,INR,56984929,NSE,STK
RANE HOLDINGS LTD,RANEHOLDI,RANEHOLDIN,INR,56984822,NSE,STK
RANE MADRAS LTD,RML,RML,INR,56984864,NSE,STK
RASHTRIYA CHEMICALS & FERT,RCF,RCF,INR,56984768,NSE,STK
RASOYA PROTEINS LTD,RASOYPR,RASOYPR,INR,124671906,NSE,STK
RATNAMANI METALS & TUBES LTD,RATNAMANI,RATNAMANI,INR,56984874,NSE,STK
RATTANINDIA INFRASTRUCTURE L,RTNINFRA,RTNINFRA,INR,101425171,NSE,STK
RATTANINDIA POWER LTD,RTNPOWER,RTNPOWER,INR,72432181,NSE,STK
RAVI KUMAR DISTILLERIES LTD,RKDL,RKDL,INR,82395863,NSE,STK
RAYMOND LIMITED,RAYMOND,RAYMOND,INR,56984932,NSE,STK
REDINGTON INDIA LTD,REDINGTON,REDINGTON,INR,78015307,NSE,STK
REFEX INDUSTRIES LTD,REFEX,REFEX,INR,64689776,NSE,STK
REGENCY CERAMICS LIMITED,REGENCERA,REGENCERAM,INR,56984819,NSE,STK
REI AGRO LTD,REIAGROLT,REIAGROLTD,INR,68213321,NSE,STK
REI SIX TEN RETAIL LTD,REISIXTEN,REISIXTEN,INR,75733197,NSE,STK
RELAXO FOOTWEARS LTD,RELAXO,RELAXO,INR,138995139,NSE,STK
RELIANCE CAPITAL LIMITED,RELCAPITA,RELCAPITAL,INR,56984773,NSE,STK
RELIANCE COMMUNICATIONS LTD,RCOM,RCOM,INR,44652020,NSE,STK
RELIANCE INDUS INFRASTRUCT,RIIL,RIIL,INR,56984825,NSE,STK
RELIANCE INDUSTRIES LIMITED,RELIANCE,RELIANCE,INR,44652000,NSE,STK
RELIANCE INFRASTRUCTURE LTD,RELINFRA,RELINFRA,INR,44652170,NSE,STK
RELIANCE POWER LIMITED,RPOWER,RPOWER,INR,53680378,NSE,STK
RELIGARE ENTERPRISES LIMITED,RELIGARE,RELIGARE,INR,56984807,NSE,STK
RELIGARE INVESCO GOLD ETF,RELIGAREG,RELIGAREGO,INR,73477773,NSE,STK
RELIGARE INVESCO NIFTY ETF,RELGRNIFT,RELGRNIFTY,INR,89579627,NSE,STK
REMSONS INDUSTRIES LTD,REMSONSIN,REMSONSIND,INR,56984905,NSE,STK
RENAISSANCE JEWELLERY LTD,RJL,RJL,INR,56984808,NSE,STK
REPCO HOME FINANCE LTD,REPCOHOME,REPCOHOME,INR,125203631,NSE,STK
REPRO INDIA LIMITED,REPRO,REPRO,INR,56984813,NSE,STK
RESPONSIVE INDUSTRIES LTD,RESPONIND,RESPONIND,INR,79828458,NSE,STK
RESURGERE MINES & MINERALS,RMMIL,RMMIL,INR,108762978,NSE,STK
REVATHI EQUIPMENT LTD,REVATHI,REVATHI,INR,56984783,NSE,STK
RICO AUTO INDUSTRIES LTD,RICOAUTO,RICOAUTO,INR,56984739,NSE,STK
ROHIT FERRO TECH LTD,ROHITFERR,ROHITFERRO,INR,56984884,NSE,STK
ROLTA INDIA LIMITED,ROLTA,ROLTA,INR,56984840,NSE,STK
ROSSELL INDIA LIMITED,ROSSELLIN,ROSSELLIND,INR,114530220,NSE,STK
ROYAL ORCHID HOTELS LTD,ROHLTD,ROHLTD,INR,56984891,NSE,STK
RPG LIFE SCIENCES LTD,RPGLIFE,RPGLIFE,INR,56984899,NSE,STK
RSWM LIMITED,RSWM,RSWM,INR,56984839,NSE,STK
RUBY MILLS LTD,RUBYMILLS,RUBYMILLS,INR,117635686,NSE,STK
RUCHI INFRASTRUCTURE LTD,RUCHINFRA,RUCHINFRA,INR,75733126,NSE,STK
RUCHI SOYA INDUSTRIES LTD,RUCHISOYA,RUCHISOYA,INR,56984902,NSE,STK
RUCHIRA PAPERS LTD,RUCHIRA,RUCHIRA,INR,56984925,NSE,STK
RUPA & COMPANY LTD,RUPA,RUPA,INR,98503990,NSE,STK
RURAL ELECTRIFICATION CORP,RECLTD,RECLTD,INR,56984788,NSE,STK
RUSHIL DECOR LTD,RUSHIL,RUSHIL,INR,90629432,NSE,STK
SADBHAV ENGINEERING LTD,SADBHAV,SADBHAV,INR,81644839,NSE,STK
SAGAR CEMENTS LIMITED,SAGCEM,SAGCEM,INR,56988961,NSE,STK
SAKSOFT LIMITED,SAKSOFT,SAKSOFT,INR,56988501,NSE,STK
SAKTHI SUGARS LIMITED,SAKHTISUG,SAKHTISUG,INR,56989262,NSE,STK
SAKUMA EXPORTS LTD,SAKUMA,SAKUMA,INR,56988494,NSE,STK
SAL STEEL LTD,SALSTEEL,SALSTEEL,INR,56988506,NSE,STK
SALORA INTERNATIONAL LTD,SALORAINT,SALORAINTL,INR,56989070,NSE,STK
SAMBHAAV MEDIA LTD,SAMBHAAV,SAMBHAAV,INR,56986965,NSE,STK
SAMTEL COLOR LIMITED,SAMTEL,SAMTEL,INR,56989244,NSE,STK
SANDESH LIMITED,SANDESH,SANDESH,INR,56988546,NSE,STK
SANGAM (INDIA) LIMITED,SANGAMIND,SANGAMIND,INR,56989094,NSE,STK
SANGHI INDUSTRIES LIMITED,SANGHIIND,SANGHIIND,INR,56989091,NSE,STK
SANGHVI FORGING & ENGINEERIN,SANGHVIFO,SANGHVIFOR,INR,88794735,NSE,STK
SANGHVI MOVERS LIMITED,SANGHVIMO,SANGHVIMOV,INR,56988971,NSE,STK
SANOFI INDIA LTD,SANOFI,SANOFI,INR,56983919,NSE,STK
SANWARIA AGRO OILS LTD,SANWARIA,SANWARIA,INR,56988511,NSE,STK
SARDA ENERGY & MINERALS LTD,SARDAEN,SARDAEN,INR,64685106,NSE,STK
SAREGAMA INDIA LTD,SAREGAMA,SAREGAMA,INR,56986164,NSE,STK
SARLA PERFORMANCE FIBERS LTD,SARLAPOLY,SARLAPOLY,INR,56989189,NSE,STK
SASKEN COMMUNICATION TECHNO,SASKEN,SASKEN,INR,56988481,NSE,STK
SATHAVAHANA ISPAT LTD,SATHAISPA,SATHAISPAT,INR,56989371,NSE,STK
SAVITA OIL TECHNOLOGIES LTD,SOTL,SOTL,INR,56989361,NSE,STK
SBI ETF-NIFTY JUNIOR,SETFNIFJR,SETFNIFJR,INR,188614737,NSE,STK
SBI ETF-NIFTY,SETFNIFTY,SETFNIFTY,INR,201495097,NSE,STK
SBI GOLD EXCHANGE TRADED SCH,SBIGETS,SBIGETS,INR,75733308,NSE,STK
SBI-ETF-BANKING,SETFBANK,SETFBANK,INR,188614735,NSE,STK
SCHNEIDER ELECTRIC INFRASTRU,SCHNEIDER,SCHNEIDER,INR,99961804,NSE,STK
SE INVESTMENTS LTD,SEINV,SEINV,INR,95983176,NSE,STK
SE POWER LTD,SEPOWER,SEPOWER,INR,111418805,NSE,STK
SEAMEC LTD,SEAMECLTD,SEAMECLTD,INR,56988551,NSE,STK
SEL MANUFACTURING CO. LTD.,SELMCL,SELMCL,INR,56988557,NSE,STK
SELAN EXPLORATION TECHNOLOGY,SELAN,SELAN,INR,56989419,NSE,STK
SERVALAKSHMI PAPER LTD,SERVALL,SERVALL,INR,87944441,NSE,STK
SESHASAYEE PAPER & BOARDS,SESHAPAPE,SESHAPAPER,INR,56989125,NSE,STK
SEZAL GLASS LTD,SEZAL,SEZAL,INR,97611622,NSE,STK
SHAH ALLOYS LTD,SHAHALLOY,SHAHALLOYS,INR,75733253,NSE,STK
SHAKTI PUMPS (INDIA) LTD,SHAKTIPUM,SHAKTIPUMP,INR,64684786,NSE,STK
SHALIMAR PAINTS LTD,SHALPAINT,SHALPAINTS,INR,116806357,NSE,STK
SHANTHI GEARS LIMITED,SHANTIGEA,SHANTIGEAR,INR,56988957,NSE,STK
SHARDA CROPCHEM LTD,SHARDACRO,SHARDACROP,INR,167959564,NSE,STK
SHARON BIO-MEDICINE LTD,SHARONBIO,SHARONBIO,INR,144304116,NSE,STK
SHASUN PHARMACEUTICALS LTD,SHASUNPHA,SHASUNPHAR,INR,56989211,NSE,STK
SHEKHAWATI POLY-YARN LTD,SPYL,SPYL,INR,125481735,NSE,STK
SHEMAROO ENTERTAINMENT LTD,SHEMAROO,SHEMAROO,INR,168719320,NSE,STK
SHILPA MEDICARE LTD,SHILPAMED,SHILPAMED,INR,64684632,NSE,STK
SHILPI CABLE TECHNOLOGIES LT,SHILPI,SHILPI,INR,86622426,NSE,STK
SHIPPING CORP OF INDIA LTD,SCI,SCI,INR,56988535,NSE,STK
SHIRPUR GOLD REFINERY LTD,SHIRPUR-G,SHIRPUR-G,INR,123584195,NSE,STK
SHIV-VANI OIL & GAS EXPLORAT,SHIV-VANI,SHIV-VANI,INR,56989385,NSE,STK
SHIVA TEXYARN LTD,SHIVTEX,SHIVTEX,INR,56989394,NSE,STK
SHIVAM AUTOTECH LTD,SHIVAMAUT,SHIVAMAUTO,INR,172251363,NSE,STK
SHOPPERS STOP LTD,SHOPERSTO,SHOPERSTOP,INR,82777602,NSE,STK
SHREE CEMENT LIMITED,SHREECEM,SHREECEM,INR,56989171,NSE,STK
SHREE GANESH FORGINGS LTD,SGFL,SGFL,INR,56988964,NSE,STK
SHREE GANESH JEWELLERY HOUSE,SGJHL,SGJHL,INR,74068898,NSE,STK
SHREE RAMA MULTI-TECH LTD,SHREERAMA,SHREERAMA,INR,56989184,NSE,STK
SHREE RAMA NEWSPRINT LTD,RAMANEWS,RAMANEWS,INR,56984881,NSE,STK
SHREE RENUKA SUGARS LTD,RENUKA,RENUKA,INR,56988994,NSE,STK
SHRENUJ & CO LTD,SHRENUJ,SHRENUJ,INR,56989039,NSE,STK
SHREYANS INDUSTRIES LTD,SHREYANIN,SHREYANIND,INR,75733212,NSE,STK
SHREYAS SHIPPING & LOGISTICS,SHREYAS,SHREYAS,INR,56989204,NSE,STK
SHRI ASTER SILICATES LTD,SHRIASTER,SHRIASTER,INR,77576805,NSE,STK
SHRI LAKSHMI COTSYN LIMITED,SHLAKSHMI,SHLAKSHMI_BZ,INR,56989067,NSE,STK
SHRIRAM CITY UNION FINANCE,SHRIRAMCI,SHRIRAMCIT,INR,56988536,NSE,STK
SHRIRAM EPC LIMITED,SHRIRAMEP,SHRIRAMEPC,INR,56988946,NSE,STK
SHRIRAM TRANSPORT FINANCE,SRTRANSFI,SRTRANSFIN,INR,56988999,NSE,STK
SHYAM CENTURY FERROUS LTD,SHYAMCENT,SHYAMCENT,INR,201493376,NSE,STK
SHYAM TELECOM LIMITED,SHYAMTEL,SHYAMTEL,INR,56989000,NSE,STK
SICAGEN INDIA LTD,SICAGEN,SICAGEN,INR,56989011,NSE,STK
SICAL LOGISTICS LTD,SICAL,SICAL,INR,75733030,NSE,STK
SIEMENS LTD,SIEMENS,SIEMENS,INR,44652105,NSE,STK
SIGNET INDUSTRIES LTD,SIGNET,SIGNET,INR,64686733,NSE,STK
SIL INVESTMENTS LIMITED,SILINV,SILINV,INR,56989017,NSE,STK
SIMBHAOLI SUGARS LTD,SIMBHSUGA,SIMBHSUGAR,INR,75733168,NSE,STK
SIMPLEX INFRASTRUCTURES LTD,SIMPLEXIN,SIMPLEXINF,INR,56989029,NSE,STK
SIMPLEX PROJECTS LIMITED,SIMPLEX,SIMPLEX,INR,56989024,NSE,STK
SINTEX INDUSTRIES LTD,SINTEX,SINTEX,INR,80406824,NSE,STK
SIRPUR PAPER MILLS LIMITED,SIRPAPER,SIRPAPER_BZ,INR,56989150,NSE,STK
SITA SHREE FOOD PRODUCTS LTD,SITASHREE,SITASHREE,INR,56989214,NSE,STK
SITI CABLE NETWORK LTD,SITICABLE,SITICABLE,INR,56983298,NSE,STK
SIYARAM SILK MILLS LIMITED,SIYSIL,SIYSIL,INR,56989034,NSE,STK
SJVN LTD,SJVN,SJVN,INR,75373379,NSE,STK
SKF INDIA LTD,SKFINDIA,SKFINDIA,INR,56989054,NSE,STK
SKIL INFRASTRUCTURE LTD,SKIL,SKIL,INR,56984605,NSE,STK
SKIPPER LTD,SKIPPER,SKIPPER,INR,195668463,NSE,STK
SKM EGG PRODUCTS EXPORT LTD,SKMEGGPRO,SKMEGGPROD,INR,56989057,NSE,STK
SKS MICROFINANCE LTD,SKSMICRO,SKSMICRO,INR,77953834,NSE,STK
SMARTLINK NETWORK SYSTEMS LT,SMARTLINK,SMARTLINK,INR,56984091,NSE,STK
SML ISUZU LTD,SMLISUZU,SMLISUZU,INR,56989077,NSE,STK
SMS PHARMACEUTICALS LTD,SMSPHARMA,SMSPHARMA,INR,56989082,NSE,STK
SNOWMAN LOGISTICS LTD,SNOWMAN,SNOWMAN,INR,166618613,NSE,STK
SOBHA LTD,SOBHA,SOBHA,INR,56989097,NSE,STK
SOFTWARE TECHNOLOGY GRP INTL,SOFTTECHG,SOFTTECHGR,INR,56989235,NSE,STK
SOLAR INDUSTRIES INDIA LTD,SOLARINDS,SOLARINDS,INR,56989117,NSE,STK
SOM DISTILLERIES & BREWERIES,SDBL,SDBL,INR,64686462,NSE,STK
SOMA TEXTILES & INDUSTRIES,SOMATEX,SOMATEX,INR,56989238,NSE,STK
SOMANY CERAMICS LIMITED,SOMANYCER,SOMANYCERA,INR,80839415,NSE,STK
SONA KOYO STEERING SYSTEMS,SONASTEER,SONASTEER,INR,56989111,NSE,STK
SONATA SOFTWARE LTD,SONATSOFT,SONATSOFTW,INR,56989218,NSE,STK
SOUTH INDIAN BANK LTD,SOUTHBANK,SOUTHBANK,INR,79403920,NSE,STK
SOUTHERN PETROCHEMICAL INDS,SPIC,SPIC,INR,56989137,NSE,STK
SPANCO LTD,SPANCO,SPANCO,INR,64685811,NSE,STK
SPECIALITY RESTAURANTS LTD,SPECIALIT,SPECIALITY,INR,108161886,NSE,STK
SPECTACLE VENTURES LTD,SPECTACLE,SPECTACLE,INR,64685091,NSE,STK
SPENTEX INDUSTRIES LIMITED,SPENTEX,SPENTEX,INR,56989160,NSE,STK
SPICE MOBILITY LTD,SPICEMOBI,SPICEMOBI,INR,56989130,NSE,STK
SPL INDUSTRIES LTD,SPLIL,SPLIL,INR,56989147,NSE,STK
SPML INFRA LTD,SPMLINFRA,SPMLINFRA,INR,56988521,NSE,STK
SQS INDIA BFSI LTD,SQSBFSI,SQSBFSI,INR,70701980,NSE,STK
SREE RAYALASEEMA HI-STRENGTH,SRHHYPOLT,SRHHYPOLTD,INR,56989165,NSE,STK
SREELEATHERS LTD,SREEL,SREEL,INR,118170271,NSE,STK
SREI INFRASTRUCTURE FINANCE,SREINFRA,SREINFRA,INR,56989177,NSE,STK
SRF LIMITED,SRF,SRF,INR,56989180,NSE,STK
SRI ADHIKARI BROS TELE NTWRK,SABTN,SABTN,INR,56988476,NSE,STK
SRIKALAHASTHI PIPES LTD,SRIPIPES,SRIPIPES,INR,56983418,NSE,STK
SRS LTD,SRSLTD,SRSLTD,INR,94380844,NSE,STK
STANDARD CHARTERED PLC-IDR,STAN,STAN_DR,INR,148888790,NSE,STK
STANDARD INDUSTRIES LIMITED,SIL,SIL,INR,56989229,NSE,STK
STAR FERRO AND CEMENT LTD,SFCL,SFCL,INR,137222244,NSE,STK
STAR PAPER MILLS LIMITED,STARPAPER,STARPAPER,INR,56989249,NSE,STK
STATE BANK OF BIKANER & JAI,SBBJ,SBBJ,INR,75733258,NSE,STK
STATE BANK OF INDIA,SBIN,SBIN,INR,173418084,NSE,STK
STATE BANK OF MYSORE,MYSOREBAN,MYSOREBANK,INR,64686832,NSE,STK
STATE BANK OF TRAVANCORE,SBT,SBT,INR,64686830,NSE,STK
STATE TRADING CORP OF INDIA,STCINDIA,STCINDIA,INR,56989224,NSE,STK
STEEL AUTHORITY OF INDIA,SAIL,SAIL,INR,44652045,NSE,STK
STEEL STRIPS WHEELS LTD,SSWL,SSWL,INR,56989223,NSE,STK
STEL HOLDINGS LTD,STEL,STEL,INR,83903955,NSE,STK
STERLING BIOTECH LTD,STERLINBI,STERLINBIO,INR,56989072,NSE,STK
STERLING TOOLS LTD,STERTOOLS,STERTOOLS,INR,56989259,NSE,STK
STERLITE TECHNOLOGIES LTD,STRTECH,STRTECH,INR,73276624,NSE,STK
STI INDIA LIMITED,STINDIA,STINDIA,INR,56989241,NSE,STK
STL GLOBAL LIMITED,SGL,SGL,INR,56988974,NSE,STK
STORE ONE RETAIL INDIA LTD,STOREONE,STOREONE,INR,75733221,NSE,STK
STRIDES ARCOLAB LTD,STAR,STAR,INR,56989252,NSE,STK
STYROLUTION ABS INDIA LTD,STYABS,STYABS,INR,56985559,NSE,STK
SUBEX LIMITED,SUBEX,SUBEX,INR,56989269,NSE,STK
SUBROS LIMITED,SUBROS,SUBROS,INR,56989264,NSE,STK
SUDAR INDUSTRIES LTD,SUDAR,SUDAR,INR,85250158,NSE,STK
SUDARSHAN CHEMICAL INDS LTD,SUDARSCHE,SUDARSCHEM,INR,168527922,NSE,STK
SUJANA METALS PRODUCTS LTD,SMPL,SMPL,INR,64685601,NSE,STK
SUJANA TOWERS LTD,SUJANATWR,SUJANATWR,INR,134164359,NSE,STK
SUJANA UNIVERSAL INDUSTRIES,SUJANAUNI,SUJANAUNI,INR,56989044,NSE,STK
SUMEET INDUSTRIES LTD,SUMEETIND,SUMEETINDS,INR,64685626,NSE,STK
SUMMIT SECURITIES LTD,SUMMITSEC,SUMMITSEC,INR,83453742,NSE,STK
SUN PHARMA ADVANCED RESEARCH,SPARC,SPARC,INR,56989120,NSE,STK
SUN PHARMACEUTICAL INDUS,SUNPHARMA,SUNPHARMA,INR,81351036,NSE,STK
SUN TV NETWORK LIMITED,SUNTV,SUNTV,INR,56989289,NSE,STK
SUNDARAM BRAKE LININGS LTD,SUNDRMBRA,SUNDRMBRAK,INR,56988518,NSE,STK
SUNDARAM CLAYTON LTD,SUNCLAYLT,SUNCLAYLTD,INR,115815606,NSE,STK
SUNDARAM FINANCE LTD,SUNDARMFI,SUNDARMFIN,INR,56989274,NSE,STK
SUNDARAM MULTI PAP LIMITED,SUNDARAM,SUNDARAM,INR,64686917,NSE,STK
SUNDRAM FASTENERS LIMITED,SUNDRMFAS,SUNDRMFAST,INR,56988952,NSE,STK
SUNFLAG IRON & STEEL CO LTD,SUNFLAG,SUNFLAG,INR,56989286,NSE,STK
SUNIL HITECH ENGINEERS LTD,SUNILHITE,SUNILHITEC,INR,56989279,NSE,STK
SUNTECK REALTY LTD,SUNTECK,SUNTECK,INR,75733138,NSE,STK
SUPER SPINNING MILLS,SUPERSPIN,SUPERSPIN,INR,76142552,NSE,STK
SUPERHOUSE LTD,SUPERHOUS,SUPERHOUSE,INR,64685049,NSE,STK
SUPRAJIT ENGINEERING LTD,SUPRAJIT,SUPRAJIT,INR,73446512,NSE,STK
SUPREME INDIA IMPEX LTD,SIIL,SIIL_SM,INR,189116055,NSE,STK
SUPREME INFRASTRUCTURE INDIA,SUPREMEIN,SUPREMEINF,INR,56989140,NSE,STK
SUPREME PETROCHEM LIMITED,SUPPETRO,SUPPETRO,INR,56989154,NSE,STK
SUPREME TEX MART LIMITED,SUPREMETE,SUPREMETEX,INR,56989344,NSE,STK
SURANA CORP LTD,SURANACOR,SURANACORP,INR,56989303,NSE,STK
SURANA INDUSTRIES LTD,SURANAIND,SURANAIND,INR,56989309,NSE,STK
SURANA SOLAR LTD,SURANASOL,SURANASOL,INR,174967022,NSE,STK
SURANA TELECOM & POWER LTD,SURANATP,SURANAT&P,INR,174178267,NSE,STK
SURYA ROSHNI LIMITED,SURYAROSN,SURYAROSNI,INR,56989424,NSE,STK
SURYAJYOTI SPINNING MILLS,SURYAJYOT,SURYAJYOTI,INR,56989041,NSE,STK
SURYALAKSHMI COTTON MILLS,SURYALAXM,SURYALAXMI,INR,76142546,NSE,STK
SUTLEJ TEXTILES AND INDUSTRI,SUTLEJTEX,SUTLEJTEX,INR,75733268,NSE,STK
SUVEN LIFE SCIENCES LTD,SUVEN,SUVEN,INR,56989379,NSE,STK
SUZLON ENERGY LIMITED,SUZLON,SUZLON,INR,51687627,NSE,STK
SWAN ENERGY LTD,SWANENERG,SWANENERGY,INR,143336545,NSE,STK
SWARAJ ENGINES LIMITED,SWARAJENG,SWARAJENG,INR,56989400,NSE,STK
SWELECT ENERGY SYSTEMS LTD,SWELECTES,SWELECTES,INR,56984677,NSE,STK
SYMPHONY LTD,SYMPHONY,SYMPHONY,INR,102266499,NSE,STK
SYNCOM HEALTHCARE LTD,SYNCOM,SYNCOM,INR,72637013,NSE,STK
SYNDICATE BANK,SYNDIBANK,SYNDIBANK,INR,56989087,NSE,STK
TAINWALA CHEMICALS & PLAST,TAINWALCH,TAINWALCHM,INR,56985192,NSE,STK
TAJ GVK HOTELS & RESORTS LTD,TAJGVK,TAJGVK,INR,56985167,NSE,STK
TAKE SOLUTIONS LIMITED,TAKE,TAKE,INR,56985169,NSE,STK
TALBROS AUTOMOTIVE COMPON,TALBROAUT,TALBROAUTO,INR,56985172,NSE,STK
TALWALKARS BETTER VALUE FIT,TALWALKAR,TALWALKARS,INR,75245568,NSE,STK
TAMILNADU NEWSPRINT & PAPER,TNPL,TNPL,INR,56985282,NSE,STK
TAMILNADU PETROPRODUCTS LTD,TNPETRO,TNPETRO,INR,56986776,NSE,STK
TAMILNADU TELECOMMUN LTD,TNTELE,TNTELE,INR,56986781,NSE,STK
TANLA SOLUTIONS LIMITED,TANLA,TANLA,INR,56985182,NSE,STK
TANTIA CONSTRUCTION LTD,TANTIACON,TANTIACONS,INR,56985179,NSE,STK
TARA JEWELS LTD,TARAJEWEL,TARAJEWELS,INR,118349272,NSE,STK
TARAPUR TRANSFORMERS LTD,TARAPUR,TARAPUR,INR,75262213,NSE,STK
TARMAT LIMITED,TARMAT,TARMAT,INR,56984894,NSE,STK
TATA CHEMICALS LIMITED,TATACHEM,TATACHEM,INR,56986895,NSE,STK
TATA COFFEE LTD,TCO,TATACOFFEE,INR,180351147,NSE,STK
TATA COMMUNICATIONS LIMITED,TATACOMM,TATACOMM,INR,44652159,NSE,STK
TATA CONSULTANCY SVCS LTD,TCS,TCS,INR,44652015,NSE,STK
TATA ELXSI LIMITED,TATAELXSI,TATAELXSI,INR,56985222,NSE,STK
TATA GLOBAL BEVERAGES LTD,TATAGLOBA,TATAGLOBAL,INR,76814483,NSE,STK
TATA INVESTMENT CORP LTD,TATAINVES,TATAINVEST,INR,56985239,NSE,STK
TATA METALIKS LTD,TATAMETAL,TATAMETALI,INR,56985274,NSE,STK
TATA MOTORS LTD-A-DVR,TATAMTRDV,TATAMTRDVR,INR,94127589,NSE,STK
TATA MOTORS LTD,TATAMOTOR,TATAMOTORS,INR,94127580,NSE,STK
TATA POWER CO LTD,TATAPOWER,TATAPOWER,INR,95168502,NSE,STK
TATA SPONGE IRON LTD,TATASPONG,TATASPONGE,INR,56985775,NSE,STK
TATA STEEL LIMITED,TATASTEEL,TATASTEEL,INR,44652069,NSE,STK
TATA TELESERVICES MAHARASHTR,TTML,TTML,INR,56986900,NSE,STK
TCI DEVELOPERS LTD,TCIDEVELO,TCIDEVELOP,INR,87235367,NSE,STK
TCI FINANCE LTD,TCIFINANC,TCIFINANCE,INR,75733282,NSE,STK
TD POWER SYSTEMS LTD,TDPOWERSY,TDPOWERSYS,INR,94078808,NSE,STK
TECH MAHINDRA LTD,TECHM,TECHM,INR,187395599,NSE,STK
TECHINDIA NIRMAN LTD,TECHIN,TECHIN,INR,173346001,NSE,STK
TECHNO ELECTRIC & ENGINEERIN,TECHNO,TECHNO,INR,80842321,NSE,STK
TECHNOCRAFT INDUSTRIES INDIA,TIIL,TIIL,INR,56985240,NSE,STK
TECHNOFAB ENGINEERING LTD,TECHNOFAB,TECHNOFAB,INR,77111049,NSE,STK
TECPRO SYSTEMS LTD,TECPRO,TECPRO_BZ,INR,79871590,NSE,STK
TEXMACO INFRASTRUCTURE & HOL,TEXINFRA,TEXINFRA,INR,71401252,NSE,STK
TEXMACO RAIL & ENGINEERING L,TEXRAIL,TEXRAIL,INR,84832242,NSE,STK
TEXMO PIPES AND PRODUCTS LTD,TEXMOPIPE,TEXMOPIPES,INR,73280070,NSE,STK
TGB BANQUETS AND HOTELS LTD,TGBHOTELS,TGBHOTELS,INR,56987870,NSE,STK
THANGAMAYIL JEWELLERY LTD,THANGAMAY,THANGAMAYL,INR,72687595,NSE,STK
THE BYKE HOSPITALITY LTD,THEBYKE,BYKE,INR,64684848,NSE,STK
THEJO ENGINEERING LTD,THEJO,THEJO_SM,INR,113742230,NSE,STK
THEMIS MEDICARE LTD,THEMISMED,THEMISMED,INR,56985264,NSE,STK
THERMAX LIMITED,THERMAX,THERMAX,INR,56985279,NSE,STK
THIRU AROORAN SUGARS LTD,THIRUSUGA,THIRUSUGAR,INR,56985186,NSE,STK
THIRUMALAI CHEMICALS LTD,TIRUMALCH,TIRUMALCHM,INR,56985262,NSE,STK
THOMAS COOK (INDIA) LIMITED,THOMASCOO,THOMASCOOK,INR,56985191,NSE,STK
THOMAS SCOTT INDIA LTD,THOMASCOT,THOMASCOTT,INR,101590289,NSE,STK
TIDE WATER OIL CO INDIA LTD,TIDEWATER,TIDEWATER,INR,56986818,NSE,STK
TIJARIA POLYPIPES LTD,TIJARIA,TIJARIA,INR,95892431,NSE,STK
TIL LIMITED,TIL,TIL,INR,56985245,NSE,STK
TILAKNAGAR INDUSTRIES LTD,TI,TI,INR,64690012,NSE,STK
TIMBOR HOME LTD,TIMBOR,TIMBOR,INR,90103383,NSE,STK
TIME TECHNOPLAST LIMITED,TIMETECHN,TIMETECHNO,INR,56985249,NSE,STK
TIMES GUARANTY LTD,TIMESGTY,TIMESGTY,INR,56985228,NSE,STK
TIMKEN INDIA LIMITED,TIMKEN,TIMKEN,INR,56985269,NSE,STK
TINPLATE CO OF INDIA LTD,TINPLATE,TINPLATE,INR,56986785,NSE,STK
TIPS INDUSTRIES LTD,TIPSINDLT,TIPSINDLTD,INR,56986848,NSE,STK
TITAGARH WAGONS LTD,TWL,TWL,INR,191622330,NSE,STK
TITAN CO LTD,TITAN,TITAN,INR,90181242,NSE,STK
TODAYS WRITING INSTRUMENTS,TODAYS,TODAYS,INR,56986823,NSE,STK
TOKYO PLAST INTERNATIONAL,TOKYOPLAS,TOKYOPLAST,INR,56986844,NSE,STK
TORRENT PHARMACEUTICALS LTD,TORNTPHAR,TORNTPHARM,INR,56986878,NSE,STK
TORRENT POWER LTD,TORNTPOWE,TORNTPOWER,INR,56986853,NSE,STK
TOURISM FINANCE CORP INDIA,TFCILTD,TFCILTD,INR,56985225,NSE,STK
TPL PLASTECH LTD,TPLPLASTE,TPLPLASTEH,INR,64689812,NSE,STK
TRANSFORMERS & RECTIFIERS IN,TRIL,TRIL,INR,56986875,NSE,STK
TRANSPORT CORP OF INDIA LTD,TCI,TCI,INR,56986880,NSE,STK
TRANSWARRANTY FINANCE LTD,TFL,TFL,INR,56986858,NSE,STK
TREE HOUSE EDUCATION AND ACC,TREEHOUSE,TREEHOUSE,INR,93685129,NSE,STK
TRENT LIMITED,TRENT,TRENT,INR,56986868,NSE,STK
TRF LTD,TRF,TRF,INR,64689849,NSE,STK
TRIBHOVANDAS BHIMJI ZAVERI L,TBZ,TBZ,INR,107108231,NSE,STK
TRICOM INDIA LTD,TRICOM,TRICOM,INR,56986863,NSE,STK
TRIDENT LTD,TRIDENT,TRIDENT,INR,75733107,NSE,STK
TRIGYN TECHNOLOGIES LIMITED,TRIGYN,TRIGYN,INR,56983429,NSE,STK
TRIVENI ENGINEERING & INDUS,TRIVENI,TRIVENI,INR,56986865,NSE,STK
TRIVENI TURBINE LTD,TRITURBIN,TRITURBINE,INR,96762049,NSE,STK
TT LIMITED,TTL,TTL,INR,56986914,NSE,STK
TTK PRESTIGE LTD,TTKPRESTI,TTKPRESTIG,INR,56986897,NSE,STK
TUBE INVESTMENTS OF INDIA,TUBEINVES,TUBEINVEST,INR,56985234,NSE,STK
TULSI EXTRUSIONS LIMITED,TULSI,TULSI,INR,56986919,NSE,STK
TV TODAY NETWORK LTD,TVTODAY,TVTODAY,INR,56986835,NSE,STK
TV18 BROADCAST LTD,TV18BRDCS,TV18BRDCST,INR,56985560,NSE,STK
TVS ELECTRONICS LIMITED,TVSELECT,TVSELECT,INR,56986841,NSE,STK
TVS MOTOR CO LTD,TVSMOTOR,TVSMOTOR,INR,56986838,NSE,STK
TVS SRICHAKRA LTD,TVSSRICHA,TVSSRICHAK,INR,56989201,NSE,STK
UCAL FUEL SYSTEMS LIMITED,UCALFUEL,UCALFUEL,INR,56983328,NSE,STK
UCO BANK,UCOBANK,UCOBANK,INR,56983333,NSE,STK
UFLEX LIMITED,UFLEX,UFLEX,INR,56983338,NSE,STK
UFO MOVIEZ INDIA LTD,UFO,UFO,INR,194245767,NSE,STK
UGAR SUGAR WORKS LTD,UGARSUGAR,UGARSUGAR,INR,64690064,NSE,STK
UJAAS ENERGY LIMITED,UJAAS,UJAAS,INR,118998898,NSE,STK
ULTRATECH CEMENT LTD,ULTRACEMC,ULTRACEMCO,INR,56983383,NSE,STK
UNICHEM LABORATORIES LTD,UNICHEMLA,UNICHEMLAB,INR,80268265,NSE,STK
UNION BANK OF INDIA,UNIONBANK,UNIONBANK,INR,56983358,NSE,STK
UNIPHOS ENTERPRISES LTD,UNIENTER,UNIENTER,INR,56983372,NSE,STK
UNIPLY INDUSTRIES LTD,UNIPLY,UNIPLY,INR,56983363,NSE,STK
UNITECH LIMITED,UNITECH,UNITECH,INR,50486115,NSE,STK
UNITED BANK OF INDIA,UNITEDBNK,UNITEDBNK,INR,73408218,NSE,STK
UNITED BREWERIES HOLDINGS LT,UBHOLDING,UBHOLDINGS,INR,56983321,NSE,STK
UNITED BREWERIES LTD,UBL,UBL,INR,56983324,NSE,STK
UNITED NILGIRI TEA ESTATES,UNITEDTEA,UNITEDTEA,INR,75733350,NSE,STK
UNITED SPIRITS LIMITED,MCDOWELL-,MCDOWELL-N,INR,56983366,NSE,STK
UNITY INFRAPROJECTS LTD,UNITY,UNITY,INR,74027010,NSE,STK
UNIVERSAL CABLES LTD,UNIVCABLE,UNIVCABLES,INR,72947695,NSE,STK
UPL LTD,UPL,UPL,INR,56983369,NSE,STK
UPPER GANGES SUGAR & INDUS,UPERGANGE,UPERGANGES,INR,56983343,NSE,STK
USHA MARTIN EDUCATION & SOLU,UMESLTD,UMESLTD,INR,76996716,NSE,STK
USHA MARTIN LTD,USHAMART,USHAMART,INR,56983378,NSE,STK
USHER AGRO LTD,USHERAGRO,USHERAGRO,INR,64690098,NSE,STK
UTI GOLD EXCHANGE TRADED FND,GOLDSHARE,GOLDSHARE,INR,56983384,NSE,STK
UTTAM GALVA STEELS LTD,UTTAMSTL,UTTAMSTL,INR,56983393,NSE,STK
UTTAM SUGAR MILLS LTD,UTTAMSUGA,UTTAMSUGAR,INR,56983389,NSE,STK
UTTAM VALUE STEELS LTD,UTTAMVALU,UTTAMVALUE,INR,56983502,NSE,STK
V-GUARD INDUSTRIES LTD,VGUARD,VGUARD,INR,56983714,NSE,STK
V.I.P. INDUSTRIES LTD,VIPIND,VIPIND,INR,96818264,NSE,STK
V2 RETAIL LTD,V2RETAIL,V2RETAIL,INR,56983740,NSE,STK
VA TECH WABAG LTD,WABAG,WABAG,INR,92803343,NSE,STK
VADILAL INDUSTRIES LIMITED,VADILALIN,VADILALIND,INR,64690289,NSE,STK
VAIBHAV GLOBAL LIMITED,VAIBHAVGB,VAIBHAVGBL,INR,56983710,NSE,STK
VAKRANGEE LTD,VAKRANGEE,VAKRANGEE,INR,105733346,NSE,STK
VALECHA ENGINEERING LTD,VALECHAEN,VALECHAENG,INR,56983760,NSE,STK
VALUE INDUSTRIES LIMIITED,VALUEIND,VALUEIND,INR,56983695,NSE,STK
VARDHMAN ACRYLICS LTD,VARDHACRL,VARDHACRLC,INR,56983690,NSE,STK
VARDHMAN HOLDINGS LTD,VHL,VHL,INR,75733347,NSE,STK
VARDHMAN POLYTEX LIMITED,VARDMNPOL,VARDMNPOLY,INR,56983788,NSE,STK
VARDHMAN SPECIAL STEELS LTD,VSSL,VSSL,INR,87981422,NSE,STK
VARDHMAN TEXTILES LTD,VTL,VTL,INR,56983817,NSE,STK
VARUN SHIPPING CO LIMITED,VARUNSHIP,VARUNSHIP_BZ,INR,56983799,NSE,STK
VASCON ENGINEERS LTD,VASCONEQ,VASCONEQ,INR,72637008,NSE,STK
VASWANI INDUSTRIES LTD,VASWANI,VASWANI,INR,94938485,NSE,STK
VEDANTA LTD,VEDL,VEDL,INR,56988951,NSE,STK
VENKYS (INDIA) LIMITED,VENKEYS,VENKEYS,INR,56983271,NSE,STK
VENUS REMEDIES LIMITED,VENUSREM,VENUSREM,INR,56983779,NSE,STK
VESUVIUS INDIA LIMITED,VESUVIUS,VESUVIUS,INR,56983719,NSE,STK
VETO SWITCHGEARS AND CABLES,VETO,VETO,INR,118825444,NSE,STK
VICEROY HOTELS LTD,VICEROY,VICEROY,INR,76142557,NSE,STK
VIDEOCON INDUSTRIES LTD,VIDEOIND,VIDEOIND,INR,56983700,NSE,STK
VIJAY SHANTHI BUILDERS LTD,VIJSHAN,VIJSHAN,INR,56983800,NSE,STK
VIJAYA BANK,VIJAYABAN,VIJAYABANK,INR,56983748,NSE,STK
VIKAS GLOBALONE LTD,VIKASGLOB,VIKASGLOB,INR,147121872,NSE,STK
VIMAL OIL & FOODS LTD,VIMALOIL,VIMALOIL,INR,64690542,NSE,STK
VIMTA LABS LIMITED,VIMTALABS,VIMTALABS,INR,56983758,NSE,STK
VINATI ORGANICS LIMITED,VINATIORG,VINATIORGA,INR,70001012,NSE,STK
VINDHYA TELELINKS LIMITED,VINDHYATE,VINDHYATEL,INR,56983814,NSE,STK
VINYL CHEMICALS (INDIA) LTD,VINYLINDI,VINYLINDIA,INR,56983782,NSE,STK
VIPUL LTD,VIPULLTD,VIPULLTD,INR,74960456,NSE,STK
VISA STEEL LTD,VISASTEEL,VISASTEEL,INR,56983737,NSE,STK
VISAGAR POLYTEX LIMITED,VIVIDHA,VIVIDHA,INR,72080136,NSE,STK
VISAKA INDUSTRIES LIMITED,VISAKAIND,VISAKAIND,INR,56983805,NSE,STK
VISESH INFOTECNICS LTD,VISESHINF,VISESHINFO,INR,119824683,NSE,STK
VISHNU CHEMICALS LIMITED,VISHNU,VISHNU,INR,64690559,NSE,STK
VISU INTERNATIONAL LTD,VISUINTL,VISUINTL,INR,56983720,NSE,STK
VIVIMED LABS LTD,VIVIMEDLA,VIVIMEDLAB,INR,56983725,NSE,STK
VKS PROJECTS LTD,VKSPL,VKSPL,INR,123320226,NSE,STK
VLS FINANCE LIMITED,VLSFINANC,VLSFINANCE,INR,56983765,NSE,STK
VMART RETAIL LTD,VMART,VMART,INR,122975346,NSE,STK
VOLTAMP TRANSFORMERS LTD,VOLTAMP,VOLTAMP,INR,56983697,NSE,STK
VOLTAS LIMITED,VOLTAS,VOLTAS,INR,56983785,NSE,STK
VRL LOGISTICS LTD,VRLLOG,VRLLOG,INR,192495024,NSE,STK
VST INDUSTRIES LIMITED,VSTIND,VSTIND,INR,56983811,NSE,STK
VST TILLERS TRACTORS LTD,VSTTILLER,VSTTILLERS,INR,64690265,NSE,STK
W S INDUSTRIES INDIA LTD,WSI,WSI,INR,56983309,NSE,STK
WABCO INDIA LIMITED,WABCOINDI,WABCOINDIA,INR,75733326,NSE,STK
WALCHANDNAGAR INDUSTRIES,WALCHANNA,WALCHANNAG,INR,56983277,NSE,STK
WANBURY LTD,WANBURY,WANBURY,INR,56983259,NSE,STK
WEBSOL ENERGY SYSTEM LTD,WEBELSOLA,WEBELSOLAR,INR,56983304,NSE,STK
WEIZMANN FOREX LTD,WEIZFOREX,WEIZFOREX,INR,90306059,NSE,STK
WEIZMANN LTD,WEIZMANIN,WEIZMANIND,INR,76142597,NSE,STK
WELSPUN CORP LTD,WELCORP,WELCORP,INR,56983266,NSE,STK
WELSPUN ENTERPRISES LTD/NEW,WELENT,WELENT,INR,56987444,NSE,STK
WELSPUN INDIA LTD,WELSPUNIN,WELSPUNIND,INR,56983283,NSE,STK
WELSPUN INVESTMENT & COMMERC,WELINV,WELINV,INR,79036512,NSE,STK
WENDT INDIA LIMITED,WENDT,WENDT,INR,56983292,NSE,STK
WEST COAST PAPER MILLS LTD,WSTCSTPAP,WSTCSTPAPR,INR,56983262,NSE,STK
WHEELS INDIA LTD,WHEELS,WHEELS,INR,56983272,NSE,STK
WHIRLPOOL OF INDIA LTD,WHIRLPOOL,WHIRLPOOL,INR,64685820,NSE,STK
WILLIAMSON MAGOR & CO LTD,WILLAMAGO,WILLAMAGOR,INR,56983286,NSE,STK
WINDSOR MACHINES LTD,WINDMACHI,WINDMACHIN,INR,92870230,NSE,STK
WINSOME YARNS LIMITED,WINSOME,WINSOME,INR,92135954,NSE,STK
WIPRO LTD,WIPRO,WIPRO,INR,44652030,NSE,STK
WOCKHARDT LIMITED,WOCKPHARM,WOCKPHARMA,INR,56983303,NSE,STK
WONDERLA HOLIDAYS LTD,WONDERLA,WONDERLA,INR,150965884,NSE,STK
XCHANGING SOLUTIONS LTD,XCHANGING,XCHANGING,INR,56985287,NSE,STK
XL ENERGY LTD,XLENERGY,XLENERGY,INR,56983237,NSE,STK
XPRO INDIA LTD,XPROINDIA,XPROINDIA,INR,56983242,NSE,STK
YES BANK LTD,YESBANK,YESBANK,INR,56983232,NSE,STK
ZANDU REALTY LTD,ZANDUREAL,ZANDUREALT,INR,56983212,NSE,STK
ZEE ENTERTAINMENT ENTERPRISE,ZEEL,ZEEL,INR,44652165,NSE,STK
ZEE LEARN LTD,ZEELEARN,ZEELEARN,INR,80285966,NSE,STK
ZEE MEDIA CORPORATION LTD,ZEEMEDIA,ZEEMEDIA,INR,56983206,NSE,STK
ZEN TECHNOLOGIES LTD,ZENTEC,ZENTEC,INR,189072337,NSE,STK
ZENITH BIRLA INDIA LTD,ZENITHBIR,ZENITHBIR,INR,56983189,NSE,STK
ZENITH COMPUTERS LIMITED,ZENITHCOM,ZENITHCOMP,INR,56983194,NSE,STK
ZENITH EXPORTS LIMITED,ZENITHEXP,ZENITHEXPO,INR,56983203,NSE,STK
ZENITH INFOTECH LTD,ZENITHINF,ZENITHINFO,INR,56983218,NSE,STK
ZENSAR TECHNOLOGIES LTD,ZENSARTEC,ZENSARTECH,INR,70966989,NSE,STK
ZICOM ELECTRONIC SECURITY,ZICOM,ZICOM,INR,56983224,NSE,STK
ZODIAC CLOTHING COMPANY,ZODIACLOT,ZODIACLOTH,INR,56983199,NSE,STK
ZODIAC JRD MKJ LTD,ZODJRDMKJ,ZODJRDMKJ,INR,56983209,NSE,STK
ZUARI AGRO CHEMICALS LTD,ZUARI,ZUARI,INR,105500758,NSE,STK
ZUARI GLOBAL LTD,ZUARIGLOB,ZUARIGLOB,INR,56983229,NSE,STK
ZYDUS WELLNESS LTD,ZYDUSWELL,ZYDUSWELL,INR,64690638,NSE,STK
ZYLOG SYSTEMS LTD,ZYLOG,ZYLOG,INR,109963209,NSE,STK
